X1,X2,X3,X4,X5,X6,X7,X8,Y1
0.9999999999999998,0.0,0.2857142857142856,0.0,1.0,0.0,0.0,0.0,0.25721218657320033
0.9999999999999998,0.0,0.2857142857142856,0.0,1.0,0.33333333333333337,0.0,0.0,0.25721218657320033
0.9999999999999998,0.0,0.2857142857142856,0.0,1.0,0.6666666666666666,0.0,0.0,0.25721218657320033
0.9999999999999998,0.0,0.2857142857142856,0.0,1.0,0.9999999999999999,0.0,0.0,0.25721218657320033
0.7777777777777779,0.16666666666666652,0.4285714285714286,0.11111111111111116,1.0,0.0,0.0,0.0,0.39983823132919916
0.7777777777777779,0.16666666666666652,0.4285714285714286,0.11111111111111116,1.0,0.33333333333333337,0.0,0.0,0.41655432731194386
0.7777777777777779,0.16666666666666652,0.4285714285714286,0.11111111111111116,1.0,0.6666666666666666,0.0,0.0,0.3963332434618495
0.7777777777777779,0.16666666666666652,0.4285714285714286,0.11111111111111116,1.0,0.9999999999999999,0.0,0.0,0.3685629549743865
0.6666666666666667,0.25,0.2857142857142856,0.33333333333333326,1.0,0.0,0.0,0.0,0.36370989485036387
0.6666666666666667,0.25,0.2857142857142856,0.33333333333333326,1.0,0.33333333333333337,0.0,0.0,0.3758425451604205
0.6666666666666667,0.25,0.2857142857142856,0.33333333333333326,1.0,0.6666666666666666,0.0,0.0,0.35939606362901044
0.6666666666666667,0.25,0.2857142857142856,0.33333333333333326,1.0,0.9999999999999999,0.0,0.0,0.33162577514154756
0.5555555555555556,0.33333333333333304,0.4285714285714286,0.33333333333333326,1.0,0.0,0.0,0.0,0.29765435427338904
0.5555555555555556,0.33333333333333304,0.4285714285714286,0.33333333333333326,1.0,0.33333333333333337,0.0,0.0,0.30736047452143433
0.5555555555555556,0.33333333333333304,0.4285714285714286,0.33333333333333326,1.0,0.6666666666666666,0.0,0.0,0.29495820976004306
0.5555555555555556,0.33333333333333304,0.4285714285714286,0.33333333333333326,1.0,0.9999999999999999,0.0,0.0,0.2688056079805877
0.47222222222222254,0.4166666666666665,0.5714285714285714,0.33333333333333326,1.0,0.0,0.0,0.0,0.6069021299541655
0.47222222222222254,0.4166666666666665,0.5714285714285714,0.33333333333333326,1.0,0.33333333333333337,0.0,0.0,0.6441089242383391
0.47222222222222254,0.4166666666666665,0.5714285714285714,0.33333333333333326,1.0,0.6666666666666666,0.0,0.0,0.6368293340523051
0.47222222222222254,0.4166666666666665,0.5714285714285714,0.33333333333333326,1.0,0.9999999999999999,0.0,0.0,0.613103262334861
0.38888888888888906,0.5,0.9999999999999998,0.11111111111111116,1.0,0.0,0.0,0.0,0.5057967107036936
0.38888888888888906,0.5,0.9999999999999998,0.11111111111111116,1.0,0.33333333333333337,0.0,0.0,0.4831490967915879
0.38888888888888906,0.5,0.9999999999999998,0.11111111111111116,1.0,0.6666666666666666,0.0,0.0,0.5057967107036936
0.38888888888888906,0.5,0.9999999999999998,0.11111111111111116,1.0,0.9999999999999999,0.0,0.0,0.4831490967915879
0.33333333333333326,0.583333333333333,0.0,1.0,0.0,0.0,0.0,0.0,0.0016176867080075485
0.33333333333333326,0.583333333333333,0.0,1.0,0.0,0.33333333333333337,0.0,0.0,0.0010784578053383564
0.33333333333333326,0.583333333333333,0.0,1.0,0.0,0.6666666666666666,0.0,0.0,0.0
0.33333333333333326,0.583333333333333,0.0,1.0,0.0,0.9999999999999999,0.0,0.0,0.0008088433540037743
0.25,0.6666666666666665,0.1428571428571428,1.0,0.0,0.0,0.0,0.0,0.009706120248045291
0.25,0.6666666666666665,0.1428571428571428,1.0,0.0,0.33333333333333337,0.0,0.0,0.010514963602049093
0.25,0.6666666666666665,0.1428571428571428,1.0,0.0,0.6666666666666666,0.0,0.0,0.009598274467511464
0.25,0.6666666666666665,0.1428571428571428,1.0,0.0,0.9999999999999999,0.0,0.0,0.010514963602049093
0.19444444444444442,0.75,0.2857142857142856,1.0,0.0,0.0,0.0,0.0,0.02264761391210568
0.19444444444444442,0.75,0.2857142857142856,1.0,0.0,0.33333333333333337,0.0,0.0,0.02102992720409813
0.19444444444444442,0.75,0.2857142857142856,1.0,0.0,0.6666666666666666,0.0,0.0,0.02049069830142894
0.19444444444444442,0.75,0.2857142857142856,1.0,0.0,0.9999999999999999,0.0,0.0,0.021569156106767323
0.11111111111111116,0.833333333333333,0.4285714285714286,1.0,0.0,0.0,0.0,0.0,0.0315448908061472
0.11111111111111116,0.833333333333333,0.4285714285714286,1.0,0.0,0.33333333333333337,0.0,0.0,0.029387975195470456
0.11111111111111116,0.833333333333333,0.4285714285714286,1.0,0.0,0.6666666666666666,0.0,0.0,0.029387975195470456
0.11111111111111116,0.833333333333333,0.4285714285714286,1.0,0.0,0.9999999999999999,0.0,0.0,0.029387975195470456
0.05555555555555558,0.9166666666666665,0.5714285714285714,1.0,0.0,0.0,0.0,0.0,0.1304933944459423
0.05555555555555558,0.9166666666666665,0.5714285714285714,1.0,0.0,0.33333333333333337,0.0,0.0,0.12213534645456994
0.05555555555555558,0.9166666666666665,0.5714285714285714,1.0,0.0,0.6666666666666666,0.0,0.0,0.12833647883526553
0.05555555555555558,0.9166666666666665,0.5714285714285714,1.0,0.0,0.9999999999999999,0.0,0.0,0.12267457535723916
0.0,1.0,0.7142857142857142,1.0,0.0,0.0,0.0,0.0,0.0698301428956592
0.0,1.0,0.7142857142857142,1.0,0.0,0.33333333333333337,0.0,0.0,0.06686438393097871
0.0,1.0,0.7142857142857142,1.0,0.0,0.6666666666666666,0.0,0.0,0.0657859261256403
0.0,1.0,0.7142857142857142,1.0,0.0,0.9999999999999999,0.0,0.0,0.06713399838231329
0.9999999999999998,0.0,0.2857142857142856,0.0,1.0,0.0,0.25,0.2,0.5006740361283364
0.9999999999999998,0.0,0.2857142857142856,0.0,1.0,0.33333333333333337,0.25,0.2,0.5020221083850094
0.9999999999999998,0.0,0.2857142857142856,0.0,1.0,0.6666666666666666,0.25,0.2,0.5020221083850094
0.9999999999999998,0.0,0.2857142857142856,0.0,1.0,0.9999999999999999,0.25,0.2,0.5009436505796709
0.7777777777777779,0.16666666666666652,0.4285714285714286,0.11111111111111116,1.0,0.0,0.25,0.2,0.6206524669722296
0.7777777777777779,0.16666666666666652,0.4285714285714286,0.11111111111111116,1.0,0.33333333333333337,0.25,0.2,0.6433000808843353
0.7777777777777779,0.16666666666666652,0.4285714285714286,0.11111111111111116,1.0,0.6666666666666666,0.25,0.2,0.6236182259369102
0.7777777777777779,0.16666666666666652,0.4285714285714286,0.11111111111111116,1.0,0.9999999999999999,0.25,0.2,0.595308708546778
0.6666666666666667,0.25,0.2857142857142856,0.33333333333333326,1.0,0.0,0.25,0.2,0.546508492855217
0.6666666666666667,0.25,0.2857142857142856,0.33333333333333326,1.0,0.33333333333333337,0.25,0.2,0.5634942032892962
0.6666666666666667,0.25,0.2857142857142856,0.33333333333333326,1.0,0.6666666666666666,0.25,0.2,0.5489350229172283
0.6666666666666667,0.25,0.2857142857142856,0.33333333333333326,1.0,0.9999999999999999,0.25,0.2,0.5192774332704232
0.5555555555555556,0.33333333333333304,0.4285714285714286,0.33333333333333326,1.0,0.0,0.25,0.2,0.4723645187382043
0.5555555555555556,0.33333333333333304,0.4285714285714286,0.33333333333333326,1.0,0.33333333333333337,0.25,0.2,0.4858452413049339
0.5555555555555556,0.33333333333333304,0.4285714285714286,0.33333333333333326,1.0,0.6666666666666666,0.25,0.2,0.47263413318953884
0.5555555555555556,0.33333333333333304,0.4285714285714286,0.33333333333333326,1.0,0.9999999999999999,0.25,0.2,0.44675114586141806
0.47222222222222254,0.4166666666666665,0.5714285714285714,0.33333333333333326,1.0,0.0,0.25,0.2,0.7967107036937179
0.47222222222222254,0.4166666666666665,0.5714285714285714,0.33333333333333326,1.0,0.33333333333333337,0.25,0.2,0.8387705581019141
0.47222222222222254,0.4166666666666665,0.5714285714285714,0.33333333333333326,1.0,0.6666666666666666,0.25,0.2,0.8328390401725531
0.47222222222222254,0.4166666666666665,0.5714285714285714,0.33333333333333326,1.0,0.9999999999999999,0.25,0.2,0.8069560528444323
0.38888888888888906,0.5,0.9999999999999998,0.11111111111111116,1.0,0.0,0.25,0.2,0.7266109463467241
0.38888888888888906,0.5,0.9999999999999998,0.11111111111111116,1.0,0.33333333333333337,0.25,0.2,0.7039633324346183
0.38888888888888906,0.5,0.9999999999999998,0.11111111111111116,1.0,0.6666666666666666,0.25,0.2,0.7260717174440549
0.38888888888888906,0.5,0.9999999999999998,0.11111111111111116,1.0,0.9999999999999999,0.25,0.2,0.7063898624966297
0.33333333333333326,0.583333333333333,0.0,1.0,0.0,0.0,0.25,0.2,0.1172822863305473
0.33333333333333326,0.583333333333333,0.0,1.0,0.0,0.33333333333333337,0.25,0.2,0.11916958748988946
0.33333333333333326,0.583333333333333,0.0,1.0,0.0,0.6666666666666666,0.25,0.2,0.1172822863305473
0.33333333333333326,0.583333333333333,0.0,1.0,0.0,0.9999999999999999,0.25,0.2,0.11809112968455107
0.25,0.6666666666666665,0.1428571428571428,1.0,0.0,0.0,0.25,0.2,0.12671879212725803
0.25,0.6666666666666665,0.1428571428571428,1.0,0.0,0.33333333333333337,0.25,0.2,0.12914532218926936
0.25,0.6666666666666665,0.1428571428571428,1.0,0.0,0.6666666666666666,0.25,0.2,0.12644917767592342
0.25,0.6666666666666665,0.1428571428571428,1.0,0.0,0.9999999999999999,0.25,0.2,0.12779724993259636
0.19444444444444442,0.75,0.2857142857142856,1.0,0.0,0.0,0.25,0.2,0.13750337018064165
0.19444444444444442,0.75,0.2857142857142856,1.0,0.0,0.33333333333333337,0.25,0.2,0.13804259908331087
0.19444444444444442,0.75,0.2857142857142856,1.0,0.0,0.6666666666666666,0.25,0.2,0.1369641412779725
0.19444444444444442,0.75,0.2857142857142856,1.0,0.0,0.9999999999999999,0.25,0.2,0.13885144243731465
0.11111111111111116,0.833333333333333,0.4285714285714286,1.0,0.0,0.0,0.25,0.2,0.15287139390671337
0.11111111111111116,0.833333333333333,0.4285714285714286,1.0,0.0,0.33333333333333337,0.25,0.2,0.15314100835804798
0.11111111111111116,0.833333333333333,0.4285714285714286,1.0,0.0,0.6666666666666666,0.25,0.2,0.15341062280938253
0.11111111111111116,0.833333333333333,0.4285714285714286,1.0,0.0,0.9999999999999999,0.25,0.2,0.15314100835804798
0.05555555555555558,0.9166666666666665,0.5714285714285714,1.0,0.0,0.0,0.25,0.2,0.253437584254516
0.05555555555555558,0.9166666666666665,0.5714285714285714,1.0,0.0,0.33333333333333337,0.25,0.2,0.24777568077648957
0.05555555555555558,0.9166666666666665,0.5714285714285714,1.0,0.0,0.6666666666666666,0.25,0.2,0.25370719870585057
0.05555555555555558,0.9166666666666665,0.5714285714285714,1.0,0.0,0.9999999999999999,0.25,0.2,0.24804529522782423
0.0,1.0,0.7142857142857142,1.0,0.0,0.0,0.25,0.2,0.1873820436775411
0.0,1.0,0.7142857142857142,1.0,0.0,0.33333333333333337,0.25,0.2,0.18765165812887571
0.0,1.0,0.7142857142857142,1.0,0.0,0.6666666666666666,0.25,0.2,0.18657320032353733
0.0,1.0,0.7142857142857142,1.0,0.0,0.9999999999999999,0.25,0.2,0.18899973038554865
0.9999999999999998,0.0,0.2857142857142856,0.0,1.0,0.0,0.25,0.4,0.4928552170396332
0.9999999999999998,0.0,0.2857142857142856,0.0,1.0,0.33333333333333337,0.25,0.4,0.4933944459423024
0.9999999999999998,0.0,0.2857142857142856,0.0,1.0,0.6666666666666666,0.25,0.4,0.48854138581827977
0.9999999999999998,0.0,0.2857142857142856,0.0,1.0,0.9999999999999999,0.25,0.4,0.49177675923429487
0.7777777777777779,0.16666666666666652,0.4285714285714286,0.11111111111111116,1.0,0.0,0.25,0.4,0.6166082502022108
0.7777777777777779,0.16666666666666652,0.4285714285714286,0.11111111111111116,1.0,0.33333333333333337,0.25,0.4,0.638177406308978
0.7777777777777779,0.16666666666666652,0.4285714285714286,0.11111111111111116,1.0,0.6666666666666666,0.25,0.4,0.6152601779455378
0.7777777777777779,0.16666666666666652,0.4285714285714286,0.11111111111111116,1.0,0.9999999999999999,0.25,0.4,0.5901860339714208
0.6666666666666667,0.25,0.2857142857142856,0.33333333333333326,1.0,0.0,0.25,0.4,0.5519007818819088
0.6666666666666667,0.25,0.2857142857142856,0.33333333333333326,1.0,0.33333333333333337,0.25,0.4,0.5664599622539768
0.6666666666666667,0.25,0.2857142857142856,0.33333333333333326,1.0,0.6666666666666666,0.25,0.4,0.5478565651118898
0.6666666666666667,0.25,0.2857142857142856,0.33333333333333326,1.0,0.9999999999999999,0.25,0.4,0.5217039633324345
0.5555555555555556,0.33333333333333304,0.4285714285714286,0.33333333333333326,1.0,0.0,0.25,0.4,0.47829603666756526
0.5555555555555556,0.33333333333333304,0.4285714285714286,0.33333333333333326,1.0,0.33333333333333337,0.25,0.4,0.49123753033162576
0.5555555555555556,0.33333333333333304,0.4285714285714286,0.33333333333333326,1.0,0.6666666666666666,0.25,0.4,0.4761391210568886
0.5555555555555556,0.33333333333333304,0.4285714285714286,0.33333333333333326,1.0,0.9999999999999999,0.25,0.4,0.4524130493394445
0.47222222222222254,0.4166666666666665,0.5714285714285714,0.33333333333333326,1.0,0.0,0.25,0.4,0.7991372337557292
0.47222222222222254,0.4166666666666665,0.5714285714285714,0.33333333333333326,1.0,0.33333333333333337,0.25,0.4,0.8425451604205983
0.47222222222222254,0.4166666666666665,0.5714285714285714,0.33333333333333326,1.0,0.6666666666666666,0.25,0.4,0.8347263413318953
0.47222222222222254,0.4166666666666665,0.5714285714285714,0.33333333333333326,1.0,0.9999999999999999,0.25,0.4,0.8093825829064437
0.38888888888888906,0.5,0.9999999999999998,0.11111111111111116,1.0,0.0,0.25,0.4,0.7320032353734158
0.38888888888888906,0.5,0.9999999999999998,0.11111111111111116,1.0,0.33333333333333337,0.25,0.4,0.7115125370719869
0.38888888888888906,0.5,0.9999999999999998,0.11111111111111116,1.0,0.6666666666666666,0.25,0.4,0.7309247775680775
0.38888888888888906,0.5,0.9999999999999998,0.11111111111111116,1.0,0.9999999999999999,0.25,0.4,0.7117821515233215
0.33333333333333326,0.583333333333333,0.0,1.0,0.0,0.0,0.25,0.4,0.11889997303855485
0.33333333333333326,0.583333333333333,0.0,1.0,0.0,0.33333333333333337,0.25,0.4,0.11997843084389323
0.33333333333333326,0.583333333333333,0.0,1.0,0.0,0.6666666666666666,0.25,0.4,0.11620382852520897
0.33333333333333326,0.583333333333333,0.0,1.0,0.0,0.9999999999999999,0.25,0.4,0.11970881639255862
0.25,0.6666666666666665,0.1428571428571428,1.0,0.0,0.0,0.25,0.4,0.12483149096791588
0.25,0.6666666666666665,0.1428571428571428,1.0,0.0,0.33333333333333337,0.25,0.4,0.12698840657859264
0.25,0.6666666666666665,0.1428571428571428,1.0,0.0,0.6666666666666666,0.25,0.4,0.12240496090590455
0.25,0.6666666666666665,0.1428571428571428,1.0,0.0,0.9999999999999999,0.25,0.4,0.1259099487732542
0.19444444444444442,0.75,0.2857142857142856,1.0,0.0,0.0,0.25,0.4,0.14667026152601778
0.19444444444444442,0.75,0.2857142857142856,1.0,0.0,0.33333333333333337,0.25,0.4,0.1469398759773524
0.19444444444444442,0.75,0.2857142857142856,1.0,0.0,0.6666666666666666,0.25,0.4,0.14316527365866807
0.19444444444444442,0.75,0.2857142857142856,1.0,0.0,0.9999999999999999,0.25,0.4,0.14774871933135617
0.11111111111111116,0.833333333333333,0.4285714285714286,1.0,0.0,0.0,0.25,0.4,0.14667026152601778
0.11111111111111116,0.833333333333333,0.4285714285714286,1.0,0.0,0.33333333333333337,0.25,0.4,0.145861418172014
0.11111111111111116,0.833333333333333,0.4285714285714286,1.0,0.0,0.6666666666666666,0.25,0.4,0.14343488811000268
0.11111111111111116,0.833333333333333,0.4285714285714286,1.0,0.0,0.9999999999999999,0.25,0.4,0.14613103262334862
0.05555555555555558,0.9166666666666665,0.5714285714285714,1.0,0.0,0.0,0.25,0.4,0.253437584254516
0.05555555555555558,0.9166666666666665,0.5714285714285714,1.0,0.0,0.33333333333333337,0.25,0.4,0.2472364518738204
0.05555555555555558,0.9166666666666665,0.5714285714285714,1.0,0.0,0.6666666666666666,0.25,0.4,0.2515502830951739
0.05555555555555558,0.9166666666666665,0.5714285714285714,1.0,0.0,0.9999999999999999,0.25,0.4,0.247506066325155
0.0,1.0,0.7142857142857142,1.0,0.0,0.0,0.25,0.4,0.1852251280668644
0.0,1.0,0.7142857142857142,1.0,0.0,0.33333333333333337,0.25,0.4,0.1884605014828795
0.0,1.0,0.7142857142857142,1.0,0.0,0.6666666666666666,0.25,0.4,0.18765165812887571
0.0,1.0,0.7142857142857142,1.0,0.0,0.9999999999999999,0.25,0.4,0.18953895928821782
0.9999999999999998,0.0,0.2857142857142856,0.0,1.0,0.0,0.25,0.6000000000000001,0.49258560258829864
0.9999999999999998,0.0,0.2857142857142856,0.0,1.0,0.33333333333333337,0.25,0.6000000000000001,0.49582097600431374
0.9999999999999998,0.0,0.2857142857142856,0.0,1.0,0.6666666666666666,0.25,0.6000000000000001,0.48800215691561055
0.9999999999999998,0.0,0.2857142857142856,0.0,1.0,0.9999999999999999,0.25,0.6000000000000001,0.49447290374764086
0.7777777777777779,0.16666666666666652,0.4285714285714286,0.11111111111111116,1.0,0.0,0.25,0.6000000000000001,0.5947694796441089
0.7777777777777779,0.16666666666666652,0.4285714285714286,0.11111111111111116,1.0,0.33333333333333337,0.25,0.6000000000000001,0.6201132380695604
0.7777777777777779,0.16666666666666652,0.4285714285714286,0.11111111111111116,1.0,0.6666666666666666,0.25,0.6000000000000001,0.6365597196009706
0.7777777777777779,0.16666666666666652,0.4285714285714286,0.11111111111111116,1.0,0.9999999999999999,0.25,0.6000000000000001,0.6211916958748989
0.6666666666666667,0.25,0.2857142857142856,0.33333333333333326,1.0,0.0,0.25,0.6000000000000001,0.5230520355891075
0.6666666666666667,0.25,0.2857142857142856,0.33333333333333326,1.0,0.33333333333333337,0.25,0.6000000000000001,0.5516311674305742
0.6666666666666667,0.25,0.2857142857142856,0.33333333333333326,1.0,0.6666666666666666,0.25,0.6000000000000001,0.562954974386627
0.6666666666666667,0.25,0.2857142857142856,0.33333333333333326,1.0,0.9999999999999999,0.25,0.6000000000000001,0.5513615529792396
0.5555555555555556,0.33333333333333304,0.4285714285714286,0.33333333333333326,1.0,0.0,0.25,0.6000000000000001,0.4561876516581288
0.5555555555555556,0.33333333333333304,0.4285714285714286,0.33333333333333326,1.0,0.33333333333333337,0.25,0.6000000000000001,0.4807225667295766
0.5555555555555556,0.33333333333333304,0.4285714285714286,0.33333333333333326,1.0,0.6666666666666666,0.25,0.6000000000000001,0.4896198436236182
0.5555555555555556,0.33333333333333304,0.4285714285714286,0.33333333333333326,1.0,0.9999999999999999,0.25,0.6000000000000001,0.48153141008358047
0.47222222222222254,0.4166666666666665,0.5714285714285714,0.33333333333333326,1.0,0.0,0.25,0.6000000000000001,0.802642221623079
0.47222222222222254,0.4166666666666665,0.5714285714285714,0.33333333333333326,1.0,0.33333333333333337,0.25,0.6000000000000001,0.794553788083041
0.47222222222222254,0.4166666666666665,0.5714285714285714,0.33333333333333326,1.0,0.6666666666666666,0.25,0.6000000000000001,0.8347263413318953
0.47222222222222254,0.4166666666666665,0.5714285714285714,0.33333333333333326,1.0,0.9999999999999999,0.25,0.6000000000000001,0.8274467511458614
0.38888888888888906,0.5,0.9999999999999998,0.11111111111111116,1.0,0.0,0.25,0.6000000000000001,0.7147479104880021
0.38888888888888906,0.5,0.9999999999999998,0.11111111111111116,1.0,0.33333333333333337,0.25,0.6000000000000001,0.735238608789431
0.38888888888888906,0.5,0.9999999999999998,0.11111111111111116,1.0,0.6666666666666666,0.25,0.6000000000000001,0.7096252359126448
0.38888888888888906,0.5,0.9999999999999998,0.11111111111111116,1.0,0.9999999999999999,0.25,0.6000000000000001,0.7341601509840927
0.33333333333333326,0.583333333333333,0.0,1.0,0.0,0.0,0.25,0.6000000000000001,0.11809112968455107
0.33333333333333326,0.583333333333333,0.0,1.0,0.0,0.33333333333333337,0.25,0.6000000000000001,0.11674305742787813
0.33333333333333326,0.583333333333333,0.0,1.0,0.0,0.6666666666666666,0.25,0.6000000000000001,0.11701267187921269
0.33333333333333326,0.583333333333333,0.0,1.0,0.0,0.9999999999999999,0.25,0.6000000000000001,0.11782151523321652
0.25,0.6666666666666665,0.1428571428571428,1.0,0.0,0.0,0.25,0.6000000000000001,0.12833647883526553
0.25,0.6666666666666665,0.1428571428571428,1.0,0.0,0.33333333333333337,0.25,0.6000000000000001,0.1259099487732542
0.25,0.6666666666666665,0.1428571428571428,1.0,0.0,0.6666666666666666,0.25,0.6000000000000001,0.1259099487732542
0.25,0.6666666666666665,0.1428571428571428,1.0,0.0,0.9999999999999999,0.25,0.6000000000000001,0.12644917767592342
0.19444444444444442,0.75,0.2857142857142856,1.0,0.0,0.0,0.25,0.6000000000000001,0.1404691291453222
0.19444444444444442,0.75,0.2857142857142856,1.0,0.0,0.33333333333333337,0.25,0.6000000000000001,0.13885144243731465
0.19444444444444442,0.75,0.2857142857142856,1.0,0.0,0.6666666666666666,0.25,0.6000000000000001,0.13723375572930704
0.19444444444444442,0.75,0.2857142857142856,1.0,0.0,0.9999999999999999,0.25,0.6000000000000001,0.13831221353464548
0.11111111111111116,0.833333333333333,0.4285714285714286,1.0,0.0,0.0,0.25,0.6000000000000001,0.15044486384470204
0.11111111111111116,0.833333333333333,0.4285714285714286,1.0,0.0,0.33333333333333337,0.25,0.6000000000000001,0.15071447829603665
0.11111111111111116,0.833333333333333,0.4285714285714286,1.0,0.0,0.6666666666666666,0.25,0.6000000000000001,0.1488271771366945
0.11111111111111116,0.833333333333333,0.4285714285714286,1.0,0.0,0.9999999999999999,0.25,0.6000000000000001,0.1509840927473712
0.05555555555555558,0.9166666666666665,0.5714285714285714,1.0,0.0,0.0,0.25,0.6000000000000001,0.24669722297115124
0.05555555555555558,0.9166666666666665,0.5714285714285714,1.0,0.0,0.33333333333333337,0.25,0.6000000000000001,0.252089511997843
0.05555555555555558,0.9166666666666665,0.5714285714285714,1.0,0.0,0.6666666666666666,0.25,0.6000000000000001,0.24561876516581285
0.05555555555555558,0.9166666666666665,0.5714285714285714,1.0,0.0,0.9999999999999999,0.25,0.6000000000000001,0.252089511997843
0.0,1.0,0.7142857142857142,1.0,0.0,0.0,0.25,0.6000000000000001,0.17983283904017253
0.0,1.0,0.7142857142857142,1.0,0.0,0.33333333333333337,0.25,0.6000000000000001,0.1784847667834996
0.0,1.0,0.7142857142857142,1.0,0.0,0.6666666666666666,0.25,0.6000000000000001,0.18064168239417636
0.0,1.0,0.7142857142857142,1.0,0.0,0.9999999999999999,0.25,0.6000000000000001,0.18118091129684552
0.9999999999999998,0.0,0.2857142857142856,0.0,1.0,0.0,0.25,0.8,0.4952817471016445
0.9999999999999998,0.0,0.2857142857142856,0.0,1.0,0.33333333333333337,0.25,0.8,0.49123753033162576
0.9999999999999998,0.0,0.2857142857142856,0.0,1.0,0.6666666666666666,0.25,0.8,0.48611485575626845
0.9999999999999998,0.0,0.2857142857142856,0.0,1.0,0.9999999999999999,0.25,0.8,0.4936640603936371
0.7777777777777779,0.16666666666666652,0.4285714285714286,0.11111111111111116,1.0,0.0,0.25,0.8,0.6214613103262333
0.7777777777777779,0.16666666666666652,0.4285714285714286,0.11111111111111116,1.0,0.33333333333333337,0.25,0.8,0.5942302507414396
0.7777777777777779,0.16666666666666652,0.4285714285714286,0.11111111111111116,1.0,0.6666666666666666,0.25,0.8,0.6160690212995416
0.7777777777777779,0.16666666666666652,0.4285714285714286,0.11111111111111116,1.0,0.9999999999999999,0.25,0.8,0.6411431652736586
0.6666666666666667,0.25,0.2857142857142856,0.33333333333333326,1.0,0.0,0.25,0.8,0.5508223240765705
0.6666666666666667,0.25,0.2857142857142856,0.33333333333333326,1.0,0.33333333333333337,0.25,0.8,0.5219735777837692
0.6666666666666667,0.25,0.2857142857142856,0.33333333333333326,1.0,0.6666666666666666,0.25,0.8,0.5478565651118898
0.6666666666666667,0.25,0.2857142857142856,0.33333333333333326,1.0,0.9999999999999999,0.25,0.8,0.5667295767053113
0.5555555555555556,0.33333333333333304,0.4285714285714286,0.33333333333333326,1.0,0.0,0.25,0.8,0.47964410892423825
0.5555555555555556,0.33333333333333304,0.4285714285714286,0.33333333333333326,1.0,0.33333333333333337,0.25,0.8,0.45268266379077915
0.5555555555555556,0.33333333333333304,0.4285714285714286,0.33333333333333326,1.0,0.6666666666666666,0.25,0.8,0.47398220544621184
0.5555555555555556,0.33333333333333304,0.4285714285714286,0.33333333333333326,1.0,0.9999999999999999,0.25,0.8,0.4915071447829602
0.47222222222222254,0.4166666666666665,0.5714285714285714,0.33333333333333326,1.0,0.0,0.25,0.8,0.8317605823672147
0.47222222222222254,0.4166666666666665,0.5714285714285714,0.33333333333333326,1.0,0.33333333333333337,0.25,0.8,0.8056079805877594
0.47222222222222254,0.4166666666666665,0.5714285714285714,0.33333333333333326,1.0,0.6666666666666666,0.25,0.8,0.7937449447290374
0.47222222222222254,0.4166666666666665,0.5714285714285714,0.33333333333333326,1.0,0.9999999999999999,0.25,0.8,0.838231329199245
0.38888888888888906,0.5,0.9999999999999998,0.11111111111111116,1.0,0.0,0.25,0.8,0.7298463197627392
0.38888888888888906,0.5,0.9999999999999998,0.11111111111111116,1.0,0.33333333333333337,0.25,0.8,0.7109733081693178
0.38888888888888906,0.5,0.9999999999999998,0.11111111111111116,1.0,0.6666666666666666,0.25,0.8,0.7301159342140738
0.38888888888888906,0.5,0.9999999999999998,0.11111111111111116,1.0,0.9999999999999999,0.25,0.8,0.7090860070099757
0.33333333333333326,0.583333333333333,0.0,1.0,0.0,0.0,0.25,0.8,0.10973308169317877
0.33333333333333326,0.583333333333333,0.0,1.0,0.0,0.33333333333333337,0.25,0.8,0.11162038285252088
0.33333333333333326,0.583333333333333,0.0,1.0,0.0,0.6666666666666666,0.25,0.8,0.10946346724184416
0.33333333333333326,0.583333333333333,0.0,1.0,0.0,0.9999999999999999,0.25,0.8,0.11135076840118632
0.25,0.6666666666666665,0.1428571428571428,1.0,0.0,0.0,0.25,0.8,0.12537071987058504
0.25,0.6666666666666665,0.1428571428571428,1.0,0.0,0.33333333333333337,0.25,0.8,0.1259099487732542
0.25,0.6666666666666665,0.1428571428571428,1.0,0.0,0.6666666666666666,0.25,0.8,0.12186573200323533
0.25,0.6666666666666665,0.1428571428571428,1.0,0.0,0.9999999999999999,0.25,0.8,0.12698840657859264
0.19444444444444442,0.75,0.2857142857142856,1.0,0.0,0.0,0.25,0.8,0.1393906713399838
0.19444444444444442,0.75,0.2857142857142856,1.0,0.0,0.33333333333333337,0.25,0.8,0.1404691291453222
0.19444444444444442,0.75,0.2857142857142856,1.0,0.0,0.6666666666666666,0.25,0.8,0.13642491237530333
0.19444444444444442,0.75,0.2857142857142856,1.0,0.0,0.9999999999999999,0.25,0.8,0.13992990024265298
0.11111111111111116,0.833333333333333,0.4285714285714286,1.0,0.0,0.0,0.25,0.8,0.14640064707468317
0.11111111111111116,0.833333333333333,0.4285714285714286,1.0,0.0,0.33333333333333337,0.25,0.8,0.145861418172014
0.11111111111111116,0.833333333333333,0.4285714285714286,1.0,0.0,0.6666666666666666,0.25,0.8,0.14343488811000268
0.11111111111111116,0.833333333333333,0.4285714285714286,1.0,0.0,0.9999999999999999,0.25,0.8,0.14613103262334862
0.05555555555555558,0.9166666666666665,0.5714285714285714,1.0,0.0,0.0,0.25,0.8,0.25316796980318146
0.05555555555555558,0.9166666666666665,0.5714285714285714,1.0,0.0,0.33333333333333337,0.25,0.8,0.247506066325155
0.05555555555555558,0.9166666666666665,0.5714285714285714,1.0,0.0,0.6666666666666666,0.25,0.8,0.2510110541925047
0.05555555555555558,0.9166666666666665,0.5714285714285714,1.0,0.0,0.9999999999999999,0.25,0.8,0.24669722297115124
0.0,1.0,0.7142857142857142,1.0,0.0,0.0,0.25,0.8,0.18441628471286056
0.0,1.0,0.7142857142857142,1.0,0.0,0.33333333333333337,0.25,0.8,0.18953895928821782
0.0,1.0,0.7142857142857142,1.0,0.0,0.6666666666666666,0.25,0.8,0.1884605014828795
0.0,1.0,0.7142857142857142,1.0,0.0,0.9999999999999999,0.25,0.8,0.1884605014828795
0.9999999999999998,0.0,0.2857142857142856,0.0,1.0,0.0,0.25,1.0,0.49447290374764086
0.9999999999999998,0.0,0.2857142857142856,0.0,1.0,0.33333333333333337,0.25,1.0,0.4939336748449715
0.9999999999999998,0.0,0.2857142857142856,0.0,1.0,0.6666666666666666,0.25,1.0,0.4858452413049339
0.9999999999999998,0.0,0.2857142857142856,0.0,1.0,0.9999999999999999,0.25,1.0,0.49204637368562953
0.7777777777777779,0.16666666666666652,0.4285714285714286,0.11111111111111116,1.0,0.0,0.25,1.0,0.6422216230789969
0.7777777777777779,0.16666666666666652,0.4285714285714286,0.11111111111111116,1.0,0.33333333333333337,0.25,1.0,0.6220005392289025
0.7777777777777779,0.16666666666666652,0.4285714285714286,0.11111111111111116,1.0,0.6666666666666666,0.25,1.0,0.5936910218387705
0.7777777777777779,0.16666666666666652,0.4285714285714286,0.11111111111111116,1.0,0.9999999999999999,0.25,1.0,0.620382852520895
0.6666666666666667,0.25,0.2857142857142856,0.33333333333333326,1.0,0.0,0.25,1.0,0.5667295767053113
0.6666666666666667,0.25,0.2857142857142856,0.33333333333333326,1.0,0.33333333333333337,0.25,1.0,0.551091938527905
0.6666666666666667,0.25,0.2857142857142856,0.33333333333333326,1.0,0.6666666666666666,0.25,1.0,0.5217039633324345
0.6666666666666667,0.25,0.2857142857142856,0.33333333333333326,1.0,0.9999999999999999,0.25,1.0,0.551091938527905
0.5555555555555556,0.33333333333333304,0.4285714285714286,0.33333333333333326,1.0,0.0,0.25,1.0,0.49501213265030997
0.5555555555555556,0.33333333333333304,0.4285714285714286,0.33333333333333326,1.0,0.33333333333333337,0.25,1.0,0.4820706389862496
0.5555555555555556,0.33333333333333304,0.4285714285714286,0.33333333333333326,1.0,0.6666666666666666,0.25,1.0,0.4551091938527905
0.5555555555555556,0.33333333333333304,0.4285714285714286,0.33333333333333326,1.0,0.9999999999999999,0.25,1.0,0.4812617956322458
0.47222222222222254,0.4166666666666665,0.5714285714285714,0.33333333333333326,1.0,0.0,0.25,1.0,0.8363440280399028
0.47222222222222254,0.4166666666666665,0.5714285714285714,0.33333333333333326,1.0,0.33333333333333337,0.25,1.0,0.827716365597196
0.47222222222222254,0.4166666666666665,0.5714285714285714,0.33333333333333326,1.0,0.6666666666666666,0.25,1.0,0.8293340523052035
0.47222222222222254,0.4166666666666665,0.5714285714285714,0.33333333333333326,1.0,0.9999999999999999,0.25,1.0,0.794553788083041
0.38888888888888906,0.5,0.9999999999999998,0.11111111111111116,1.0,0.0,0.25,1.0,0.7090860070099757
0.38888888888888906,0.5,0.9999999999999998,0.11111111111111116,1.0,0.33333333333333337,0.25,1.0,0.7333513076300889
0.38888888888888906,0.5,0.9999999999999998,0.11111111111111116,1.0,0.6666666666666666,0.25,1.0,0.7131302237799946
0.38888888888888906,0.5,0.9999999999999998,0.11111111111111116,1.0,0.9999999999999999,0.25,1.0,0.7349689943380965
0.33333333333333326,0.583333333333333,0.0,1.0,0.0,0.0,0.25,1.0,0.12024804529522784
0.33333333333333326,0.583333333333333,0.0,1.0,0.0,0.33333333333333337,0.25,1.0,0.11755190078188185
0.33333333333333326,0.583333333333333,0.0,1.0,0.0,0.6666666666666666,0.25,1.0,0.11674305742787813
0.33333333333333326,0.583333333333333,0.0,1.0,0.0,0.9999999999999999,0.25,1.0,0.11809112968455107
0.25,0.6666666666666665,0.1428571428571428,1.0,0.0,0.0,0.25,1.0,0.12860609328660014
0.25,0.6666666666666665,0.1428571428571428,1.0,0.0,0.33333333333333337,0.25,1.0,0.12644917767592342
0.25,0.6666666666666665,0.1428571428571428,1.0,0.0,0.6666666666666666,0.25,1.0,0.12564033432191965
0.25,0.6666666666666665,0.1428571428571428,1.0,0.0,0.9999999999999999,0.25,1.0,0.20706389862496624
0.19444444444444442,0.75,0.2857142857142856,1.0,0.0,0.0,0.25,1.0,0.1401995146939876
0.19444444444444442,0.75,0.2857142857142856,1.0,0.0,0.33333333333333337,0.25,1.0,0.13831221353464548
0.19444444444444442,0.75,0.2857142857142856,1.0,0.0,0.6666666666666666,0.25,1.0,0.13750337018064165
0.19444444444444442,0.75,0.2857142857142856,1.0,0.0,0.9999999999999999,0.25,1.0,0.13885144243731465
0.11111111111111116,0.833333333333333,0.4285714285714286,1.0,0.0,0.0,0.25,1.0,0.14478296036667568
0.11111111111111116,0.833333333333333,0.4285714285714286,1.0,0.0,0.33333333333333337,0.25,1.0,0.1437045025613373
0.11111111111111116,0.833333333333333,0.4285714285714286,1.0,0.0,0.6666666666666666,0.25,1.0,0.1404691291453222
0.11111111111111116,0.833333333333333,0.4285714285714286,1.0,0.0,0.9999999999999999,0.25,1.0,0.1437045025613373
0.05555555555555558,0.9166666666666665,0.5714285714285714,1.0,0.0,0.0,0.25,1.0,0.24669722297115124
0.05555555555555558,0.9166666666666665,0.5714285714285714,1.0,0.0,0.33333333333333337,0.25,1.0,0.2523591264491777
0.05555555555555558,0.9166666666666665,0.5714285714285714,1.0,0.0,0.6666666666666666,0.25,1.0,0.24561876516581285
0.05555555555555558,0.9166666666666665,0.5714285714285714,1.0,0.0,0.9999999999999999,0.25,1.0,0.252089511997843
0.0,1.0,0.7142857142857142,1.0,0.0,0.0,0.25,1.0,0.1774063089781612
0.0,1.0,0.7142857142857142,1.0,0.0,0.33333333333333337,0.25,1.0,0.18145052574818007
0.0,1.0,0.7142857142857142,1.0,0.0,0.6666666666666666,0.25,1.0,0.18306821245618768
0.0,1.0,0.7142857142857142,1.0,0.0,0.9999999999999999,0.25,1.0,0.17821515233216498
0.9999999999999998,0.0,0.2857142857142856,0.0,1.0,0.0,0.625,0.2,0.5969263952547855
0.9999999999999998,0.0,0.2857142857142856,0.0,1.0,0.33333333333333337,0.625,0.2,0.5969263952547855
0.9999999999999998,0.0,0.2857142857142856,0.0,1.0,0.6666666666666666,0.625,0.2,0.6028579131841466
0.9999999999999998,0.0,0.2857142857142856,0.0,1.0,0.9999999999999999,0.625,0.2,0.6039363709894849
0.7777777777777779,0.16666666666666652,0.4285714285714286,0.11111111111111116,1.0,0.0,0.625,0.2,0.7190617417093556
0.7777777777777779,0.16666666666666652,0.4285714285714286,0.11111111111111116,1.0,0.33333333333333337,0.625,0.2,0.7406308978161228
0.7777777777777779,0.16666666666666652,0.4285714285714286,0.11111111111111116,1.0,0.6666666666666666,0.625,0.2,0.7233755729307091
0.7777777777777779,0.16666666666666652,0.4285714285714286,0.11111111111111116,1.0,0.9999999999999999,0.625,0.2,0.7007279590186033
0.6666666666666667,0.25,0.2857142857142856,0.33333333333333326,1.0,0.0,0.625,0.2,0.6344028039902938
0.6666666666666667,0.25,0.2857142857142856,0.33333333333333326,1.0,0.33333333333333337,0.625,0.2,0.648153141008358
0.6666666666666667,0.25,0.2857142857142856,0.33333333333333326,1.0,0.6666666666666666,0.625,0.2,0.6360204906983014
0.6666666666666667,0.25,0.2857142857142856,0.33333333333333326,1.0,0.9999999999999999,0.625,0.2,0.6106767322728497
0.5555555555555556,0.33333333333333304,0.4285714285714286,0.33333333333333326,1.0,0.0,0.625,0.2,0.5616069021299541
0.5555555555555556,0.33333333333333304,0.4285714285714286,0.33333333333333326,1.0,0.33333333333333337,0.625,0.2,0.5732003235373415
0.5555555555555556,0.33333333333333304,0.4285714285714286,0.33333333333333326,1.0,0.6666666666666666,0.625,0.2,0.5651118899973038
0.5555555555555556,0.33333333333333304,0.4285714285714286,0.33333333333333326,1.0,0.9999999999999999,0.625,0.2,0.5440819627932056
0.47222222222222254,0.4166666666666665,0.5714285714285714,0.33333333333333326,1.0,0.0,0.625,0.2,0.8805607980587759
0.47222222222222254,0.4166666666666665,0.5714285714285714,0.33333333333333326,1.0,0.33333333333333337,0.625,0.2,0.9172283634402804
0.47222222222222254,0.4166666666666665,0.5714285714285714,0.33333333333333326,1.0,0.6666666666666666,0.625,0.2,0.9126449177675923
0.47222222222222254,0.4166666666666665,0.5714285714285714,0.33333333333333326,1.0,0.9999999999999999,0.625,0.2,0.8905365327581557
0.38888888888888906,0.5,0.9999999999999998,0.11111111111111116,1.0,0.0,0.625,0.2,0.8344567268805607
0.38888888888888906,0.5,0.9999999999999998,0.11111111111111116,1.0,0.33333333333333337,0.625,0.2,0.8120787274197897
0.38888888888888906,0.5,0.9999999999999998,0.11111111111111116,1.0,0.6666666666666666,0.625,0.2,0.8331086546238876
0.38888888888888906,0.5,0.9999999999999998,0.11111111111111116,1.0,0.9999999999999999,0.625,0.2,0.8201671609598273
0.33333333333333326,0.583333333333333,0.0,1.0,0.0,0.0,0.625,0.2,0.17309247775680772
0.33333333333333326,0.583333333333333,0.0,1.0,0.0,0.33333333333333337,0.625,0.2,0.17497977891614988
0.33333333333333326,0.583333333333333,0.0,1.0,0.0,0.6666666666666666,0.625,0.2,0.17255324885413856
0.33333333333333326,0.583333333333333,0.0,1.0,0.0,0.9999999999999999,0.625,0.2,0.1736317066594769
0.25,0.6666666666666665,0.1428571428571428,1.0,0.0,0.0,0.625,0.2,0.17686708007549204
0.25,0.6666666666666665,0.1428571428571428,1.0,0.0,0.33333333333333337,0.625,0.2,0.17902399568616875
0.25,0.6666666666666665,0.1428571428571428,1.0,0.0,0.6666666666666666,0.625,0.2,0.17686708007549204
0.25,0.6666666666666665,0.1428571428571428,1.0,0.0,0.9999999999999999,0.625,0.2,0.1784847667834996
0.19444444444444442,0.75,0.2857142857142856,1.0,0.0,0.0,0.625,0.2,0.18252898355351846
0.19444444444444442,0.75,0.2857142857142856,1.0,0.0,0.33333333333333337,0.625,0.2,0.18657320032353733
0.19444444444444442,0.75,0.2857142857142856,1.0,0.0,0.6666666666666666,0.625,0.2,0.18118091129684552
0.19444444444444442,0.75,0.2857142857142856,1.0,0.0,0.9999999999999999,0.625,0.2,0.1809112968455109
0.11111111111111116,0.833333333333333,0.4285714285714286,1.0,0.0,0.0,0.625,0.2,0.19304394715556752
0.11111111111111116,0.833333333333333,0.4285714285714286,1.0,0.0,0.33333333333333337,0.625,0.2,0.19331356160690208
0.11111111111111116,0.833333333333333,0.4285714285714286,1.0,0.0,0.6666666666666666,0.625,0.2,0.19304394715556752
0.11111111111111116,0.833333333333333,0.4285714285714286,1.0,0.0,0.9999999999999999,0.625,0.2,0.19331356160690208
0.05555555555555558,0.9166666666666665,0.5714285714285714,1.0,0.0,0.0,0.625,0.2,0.30978700458344566
0.05555555555555558,0.9166666666666665,0.5714285714285714,1.0,0.0,0.33333333333333337,0.625,0.2,0.3057427878134268
0.05555555555555558,0.9166666666666665,0.5714285714285714,1.0,0.0,0.6666666666666666,0.625,0.2,0.31032623348611477
0.05555555555555558,0.9166666666666665,0.5714285714285714,1.0,0.0,0.9999999999999999,0.625,0.2,0.306282016716096
0.0,1.0,0.7142857142857142,1.0,0.0,0.0,0.625,0.2,0.24480992181180908
0.0,1.0,0.7142857142857142,1.0,0.0,0.33333333333333337,0.625,0.2,0.24561876516581285
0.0,1.0,0.7142857142857142,1.0,0.0,0.6666666666666666,0.625,0.2,0.24454030736047452
0.0,1.0,0.7142857142857142,1.0,0.0,0.9999999999999999,0.625,0.2,0.24669722297115124
0.9999999999999998,0.0,0.2857142857142856,0.0,1.0,0.0,0.625,0.4,0.6109463467241844
0.9999999999999998,0.0,0.2857142857142856,0.0,1.0,0.33333333333333337,0.625,0.4,0.6082502022108384
0.9999999999999998,0.0,0.2857142857142856,0.0,1.0,0.6666666666666666,0.625,0.4,0.5977352386087893
0.9999999999999998,0.0,0.2857142857142856,0.0,1.0,0.9999999999999999,0.625,0.4,0.6090590455648422
0.7777777777777779,0.16666666666666652,0.4285714285714286,0.11111111111111116,1.0,0.0,0.625,0.4,0.7131302237799946
0.7777777777777779,0.16666666666666652,0.4285714285714286,0.11111111111111116,1.0,0.33333333333333337,0.625,0.4,0.7349689943380965
0.7777777777777779,0.16666666666666652,0.4285714285714286,0.11111111111111116,1.0,0.6666666666666666,0.625,0.4,0.7096252359126448
0.7777777777777779,0.16666666666666652,0.4285714285714286,0.11111111111111116,1.0,0.9999999999999999,0.625,0.4,0.6915610676732272
0.6666666666666667,0.25,0.2857142857142856,0.33333333333333326,1.0,0.0,0.625,0.4,0.6290105149636019
0.6666666666666667,0.25,0.2857142857142856,0.33333333333333326,1.0,0.33333333333333337,0.625,0.4,0.6433000808843353
0.6666666666666667,0.25,0.2857142857142856,0.33333333333333326,1.0,0.6666666666666666,0.625,0.4,0.6271232138042598
0.6666666666666667,0.25,0.2857142857142856,0.33333333333333326,1.0,0.9999999999999999,0.625,0.4,0.6036667565381503
0.5555555555555556,0.33333333333333304,0.4285714285714286,0.33333333333333326,1.0,0.0,0.625,0.4,0.5319493124831489
0.5555555555555556,0.33333333333333304,0.4285714285714286,0.33333333333333326,1.0,0.33333333333333337,0.625,0.4,0.5384200593151792
0.5555555555555556,0.33333333333333304,0.4285714285714286,0.33333333333333326,1.0,0.6666666666666666,0.625,0.4,0.5222431922351037
0.5555555555555556,0.33333333333333304,0.4285714285714286,0.33333333333333326,1.0,0.9999999999999999,0.625,0.4,0.5103801563763817
0.47222222222222254,0.4166666666666665,0.5714285714285714,0.33333333333333326,1.0,0.0,0.625,0.4,0.8778646535454299
0.47222222222222254,0.4166666666666665,0.5714285714285714,0.33333333333333326,1.0,0.33333333333333337,0.625,0.4,0.9215421946616337
0.47222222222222254,0.4166666666666665,0.5714285714285714,0.33333333333333326,1.0,0.6666666666666666,0.625,0.4,0.9156106767322726
0.47222222222222254,0.4166666666666665,0.5714285714285714,0.33333333333333326,1.0,0.9999999999999999,0.625,0.4,0.8889188460501481
0.38888888888888906,0.5,0.9999999999999998,0.11111111111111116,1.0,0.0,0.625,0.4,0.8341871124292262
0.38888888888888906,0.5,0.9999999999999998,0.11111111111111116,1.0,0.33333333333333337,0.625,0.4,0.8161229441898085
0.38888888888888906,0.5,0.9999999999999998,0.11111111111111116,1.0,0.6666666666666666,0.625,0.4,0.8317605823672147
0.38888888888888906,0.5,0.9999999999999998,0.11111111111111116,1.0,0.9999999999999999,0.625,0.4,0.8207063898624966
0.33333333333333326,0.583333333333333,0.0,1.0,0.0,0.0,0.625,0.4,0.170935562146131
0.33333333333333326,0.583333333333333,0.0,1.0,0.0,0.33333333333333337,0.625,0.4,0.1736317066594769
0.33333333333333326,0.583333333333333,0.0,1.0,0.0,0.6666666666666666,0.625,0.4,0.1658128875707738
0.33333333333333326,0.583333333333333,0.0,1.0,0.0,0.9999999999999999,0.625,0.4,0.16958748988945807
0.25,0.6666666666666665,0.1428571428571428,1.0,0.0,0.0,0.625,0.4,0.17039633324346184
0.25,0.6666666666666665,0.1428571428571428,1.0,0.0,0.33333333333333337,0.625,0.4,0.16931787543812346
0.25,0.6666666666666665,0.1428571428571428,1.0,0.0,0.6666666666666666,0.625,0.4,0.16689134537611214
0.25,0.6666666666666665,0.1428571428571428,1.0,0.0,0.9999999999999999,0.625,0.4,0.17471016446481533
0.19444444444444442,0.75,0.2857142857142856,1.0,0.0,0.0,0.625,0.4,0.18441628471286056
0.19444444444444442,0.75,0.2857142857142856,1.0,0.0,0.33333333333333337,0.625,0.4,0.18495551361552973
0.19444444444444442,0.75,0.2857142857142856,1.0,0.0,0.6666666666666666,0.625,0.4,0.18118091129684552
0.19444444444444442,0.75,0.2857142857142856,1.0,0.0,0.9999999999999999,0.625,0.4,0.1871124292262065
0.11111111111111116,0.833333333333333,0.4285714285714286,1.0,0.0,0.0,0.625,0.4,0.18980857373955243
0.11111111111111116,0.833333333333333,0.4285714285714286,1.0,0.0,0.33333333333333337,0.625,0.4,0.18657320032353733
0.11111111111111116,0.833333333333333,0.4285714285714286,1.0,0.0,0.6666666666666666,0.625,0.4,0.18225936910218385
0.11111111111111116,0.833333333333333,0.4285714285714286,1.0,0.0,0.9999999999999999,0.625,0.4,0.1884605014828795
0.05555555555555558,0.9166666666666665,0.5714285714285714,1.0,0.0,0.0,0.625,0.4,0.30008088433540037
0.05555555555555558,0.9166666666666665,0.5714285714285714,1.0,0.0,0.33333333333333337,0.625,0.4,0.2919924507953626
0.05555555555555558,0.9166666666666665,0.5714285714285714,1.0,0.0,0.6666666666666666,0.625,0.4,0.29684551091938527
0.05555555555555558,0.9166666666666665,0.5714285714285714,1.0,0.0,0.9999999999999999,0.625,0.4,0.2992720409813966
0.0,1.0,0.7142857142857142,1.0,0.0,0.0,0.625,0.4,0.22458883796171472
0.0,1.0,0.7142857142857142,1.0,0.0,0.33333333333333337,0.625,0.4,0.23321650040442168
0.0,1.0,0.7142857142857142,1.0,0.0,0.6666666666666666,0.625,0.4,0.23159881369641408
0.0,1.0,0.7142857142857142,1.0,0.0,0.9999999999999999,0.625,0.4,0.23159881369641408
0.9999999999999998,0.0,0.2857142857142856,0.0,1.0,0.0,0.625,0.6000000000000001,0.6109463467241844
0.9999999999999998,0.0,0.2857142857142856,0.0,1.0,0.33333333333333337,0.625,0.6000000000000001,0.6079805877595038
0.9999999999999998,0.0,0.2857142857142856,0.0,1.0,0.6666666666666666,0.625,0.6000000000000001,0.5974656241574547
0.9999999999999998,0.0,0.2857142857142856,0.0,1.0,0.9999999999999999,0.625,0.6000000000000001,0.6098678889188459
0.7777777777777779,0.16666666666666652,0.4285714285714286,0.11111111111111116,1.0,0.0,0.625,0.6000000000000001,0.6907522243192233
0.7777777777777779,0.16666666666666652,0.4285714285714286,0.11111111111111116,1.0,0.33333333333333337,0.625,0.6000000000000001,0.7115125370719869
0.7777777777777779,0.16666666666666652,0.4285714285714286,0.11111111111111116,1.0,0.6666666666666666,0.625,0.6000000000000001,0.7190617417093556
0.7777777777777779,0.16666666666666652,0.4285714285714286,0.11111111111111116,1.0,0.9999999999999999,0.625,0.6000000000000001,0.7085467781073064
0.6666666666666667,0.25,0.2857142857142856,0.33333333333333326,1.0,0.0,0.625,0.6000000000000001,0.6036667565381503
0.6666666666666667,0.25,0.2857142857142856,0.33333333333333326,1.0,0.33333333333333337,0.625,0.6000000000000001,0.6306282016716095
0.6666666666666667,0.25,0.2857142857142856,0.33333333333333326,1.0,0.6666666666666666,0.625,0.6000000000000001,0.6314370450256133
0.6666666666666667,0.25,0.2857142857142856,0.33333333333333326,1.0,0.9999999999999999,0.625,0.6000000000000001,0.621730924777568
0.5555555555555556,0.33333333333333304,0.4285714285714286,0.33333333333333326,1.0,0.0,0.625,0.6000000000000001,0.5039094095443515
0.5555555555555556,0.33333333333333304,0.4285714285714286,0.33333333333333326,1.0,0.33333333333333337,0.625,0.6000000000000001,0.5249393367484496
0.5555555555555556,0.33333333333333304,0.4285714285714286,0.33333333333333326,1.0,0.6666666666666666,0.625,0.6000000000000001,0.5219735777837692
0.5555555555555556,0.33333333333333304,0.4285714285714286,0.33333333333333326,1.0,0.9999999999999999,0.625,0.6000000000000001,0.5165812887570773
0.47222222222222254,0.4166666666666665,0.5714285714285714,0.33333333333333326,1.0,0.0,0.625,0.6000000000000001,0.8905365327581557
0.47222222222222254,0.4166666666666665,0.5714285714285714,0.33333333333333326,1.0,0.33333333333333337,0.625,0.6000000000000001,0.871933135616069
0.47222222222222254,0.4166666666666665,0.5714285714285714,0.33333333333333326,1.0,0.6666666666666666,0.625,0.6000000000000001,0.9112968455109193
0.47222222222222254,0.4166666666666665,0.5714285714285714,0.33333333333333326,1.0,0.9999999999999999,0.625,0.6000000000000001,0.9118360744135884
0.38888888888888906,0.5,0.9999999999999998,0.11111111111111116,1.0,0.0,0.625,0.6000000000000001,0.8083041251011054
0.38888888888888906,0.5,0.9999999999999998,0.11111111111111116,1.0,0.33333333333333337,0.625,0.6000000000000001,0.8244809921811809
0.38888888888888906,0.5,0.9999999999999998,0.11111111111111116,1.0,0.6666666666666666,0.625,0.6000000000000001,0.7988676193043946
0.38888888888888906,0.5,0.9999999999999998,0.11111111111111116,1.0,0.9999999999999999,0.625,0.6000000000000001,0.8225936910218388
0.33333333333333326,0.583333333333333,0.0,1.0,0.0,0.0,0.625,0.6000000000000001,0.15610676732272852
0.33333333333333326,0.583333333333333,0.0,1.0,0.0,0.33333333333333337,0.625,0.6000000000000001,0.16230789970342405
0.33333333333333326,0.583333333333333,0.0,1.0,0.0,0.6666666666666666,0.625,0.6000000000000001,0.16095982744675116
0.33333333333333326,0.583333333333333,0.0,1.0,0.0,0.9999999999999999,0.625,0.6000000000000001,0.15314100835804798
0.25,0.6666666666666665,0.1428571428571428,1.0,0.0,0.0,0.625,0.6000000000000001,0.17255324885413856
0.25,0.6666666666666665,0.1428571428571428,1.0,0.0,0.33333333333333337,0.625,0.6000000000000001,0.16904826098678885
0.25,0.6666666666666665,0.1428571428571428,1.0,0.0,0.6666666666666666,0.625,0.6000000000000001,0.1641952008627662
0.25,0.6666666666666665,0.1428571428571428,1.0,0.0,0.9999999999999999,0.625,0.6000000000000001,0.16662173092477753
0.19444444444444442,0.75,0.2857142857142856,1.0,0.0,0.0,0.625,0.6000000000000001,0.1706659476947964
0.19444444444444442,0.75,0.2857142857142856,1.0,0.0,0.33333333333333337,0.625,0.6000000000000001,0.17390132111081155
0.19444444444444442,0.75,0.2857142857142856,1.0,0.0,0.6666666666666666,0.625,0.6000000000000001,0.16985710434079268
0.19444444444444442,0.75,0.2857142857142856,1.0,0.0,0.9999999999999999,0.625,0.6000000000000001,0.16473442976543537
0.11111111111111116,0.833333333333333,0.4285714285714286,1.0,0.0,0.0,0.625,0.6000000000000001,0.18765165812887571
0.11111111111111116,0.833333333333333,0.4285714285714286,1.0,0.0,0.33333333333333337,0.625,0.6000000000000001,0.18873011593421404
0.11111111111111116,0.833333333333333,0.4285714285714286,1.0,0.0,0.6666666666666666,0.625,0.6000000000000001,0.18145052574818007
0.11111111111111116,0.833333333333333,0.4285714285714286,1.0,0.0,0.9999999999999999,0.625,0.6000000000000001,0.184146670261526
0.05555555555555558,0.9166666666666665,0.5714285714285714,1.0,0.0,0.0,0.625,0.6000000000000001,0.29172283634402796
0.05555555555555558,0.9166666666666665,0.5714285714285714,1.0,0.0,0.33333333333333337,0.625,0.6000000000000001,0.29441898085737395
0.05555555555555558,0.9166666666666665,0.5714285714285714,1.0,0.0,0.6666666666666666,0.625,0.6000000000000001,0.28713939067134
0.05555555555555558,0.9166666666666665,0.5714285714285714,1.0,0.0,0.9999999999999999,0.625,0.6000000000000001,0.29253167969803173
0.0,1.0,0.7142857142857142,1.0,0.0,0.0,0.625,0.6000000000000001,0.21299541655432727
0.0,1.0,0.7142857142857142,1.0,0.0,0.33333333333333337,0.625,0.6000000000000001,0.22458883796171472
0.0,1.0,0.7142857142857142,1.0,0.0,0.6666666666666666,0.625,0.6000000000000001,0.21407387435966566
0.0,1.0,0.7142857142857142,1.0,0.0,0.9999999999999999,0.625,0.6000000000000001,0.21515233216500404
0.9999999999999998,0.0,0.2857142857142856,0.0,1.0,0.0,0.625,0.8,0.6117551900781881
0.9999999999999998,0.0,0.2857142857142856,0.0,1.0,0.33333333333333337,0.625,0.8,0.6077109733081693
0.9999999999999998,0.0,0.2857142857142856,0.0,1.0,0.6666666666666666,0.625,0.8,0.5969263952547855
0.9999999999999998,0.0,0.2857142857142856,0.0,1.0,0.9999999999999999,0.625,0.8,0.6095982744675114
0.7777777777777779,0.16666666666666652,0.4285714285714286,0.11111111111111116,1.0,0.0,0.625,0.8,0.718792127258021
0.7777777777777779,0.16666666666666652,0.4285714285714286,0.11111111111111116,1.0,0.33333333333333337,0.625,0.8,0.692369911027231
0.7777777777777779,0.16666666666666652,0.4285714285714286,0.11111111111111116,1.0,0.6666666666666666,0.625,0.8,0.7026152601779454
0.7777777777777779,0.16666666666666652,0.4285714285714286,0.11111111111111116,1.0,0.9999999999999999,0.625,0.8,0.735238608789431
0.6666666666666667,0.25,0.2857142857142856,0.33333333333333326,1.0,0.0,0.625,0.8,0.6325155028309516
0.6666666666666667,0.25,0.2857142857142856,0.33333333333333326,1.0,0.33333333333333337,0.625,0.8,0.6042059854408196
0.6666666666666667,0.25,0.2857142857142856,0.33333333333333326,1.0,0.6666666666666666,0.625,0.8,0.6220005392289025
0.6666666666666667,0.25,0.2857142857142856,0.33333333333333326,1.0,0.9999999999999999,0.625,0.8,0.6435696953356699
0.5555555555555556,0.33333333333333304,0.4285714285714286,0.33333333333333326,1.0,0.0,0.625,0.8,0.5297923968724723
0.5555555555555556,0.33333333333333304,0.4285714285714286,0.33333333333333326,1.0,0.33333333333333337,0.625,0.8,0.5109193852790509
0.5555555555555556,0.33333333333333304,0.4285714285714286,0.33333333333333326,1.0,0.6666666666666666,0.625,0.8,0.5235912644917766
0.5555555555555556,0.33333333333333304,0.4285714285714286,0.33333333333333326,1.0,0.9999999999999999,0.625,0.8,0.5389592882178484
0.47222222222222254,0.4166666666666665,0.5714285714285714,0.33333333333333326,1.0,0.0,0.625,0.8,0.9164195200862765
0.47222222222222254,0.4166666666666665,0.5714285714285714,0.33333333333333326,1.0,0.33333333333333337,0.625,0.8,0.8851442437314639
0.47222222222222254,0.4166666666666665,0.5714285714285714,0.33333333333333326,1.0,0.6666666666666666,0.625,0.8,0.8713939067133997
0.47222222222222254,0.4166666666666665,0.5714285714285714,0.33333333333333326,1.0,0.9999999999999999,0.625,0.8,0.9196548935022916
0.38888888888888906,0.5,0.9999999999999998,0.11111111111111116,1.0,0.0,0.625,0.8,0.8341871124292262
0.38888888888888906,0.5,0.9999999999999998,0.11111111111111116,1.0,0.33333333333333337,0.625,0.8,0.8207063898624966
0.38888888888888906,0.5,0.9999999999999998,0.11111111111111116,1.0,0.6666666666666666,0.625,0.8,0.8304125101105418
0.38888888888888906,0.5,0.9999999999999998,0.11111111111111116,1.0,0.9999999999999999,0.625,0.8,0.8155837152871392
0.33333333333333326,0.583333333333333,0.0,1.0,0.0,0.0,0.625,0.8,0.17012671879212724
0.33333333333333326,0.583333333333333,0.0,1.0,0.0,0.33333333333333337,0.625,0.8,0.16958748988945807
0.33333333333333326,0.583333333333333,0.0,1.0,0.0,0.6666666666666666,0.625,0.8,0.16635211647344297
0.33333333333333326,0.583333333333333,0.0,1.0,0.0,0.9999999999999999,0.625,0.8,0.17309247775680772
0.25,0.6666666666666665,0.1428571428571428,1.0,0.0,0.0,0.625,0.8,0.17120517659746562
0.25,0.6666666666666665,0.1428571428571428,1.0,0.0,0.33333333333333337,0.625,0.8,0.17471016446481533
0.25,0.6666666666666665,0.1428571428571428,1.0,0.0,0.6666666666666666,0.625,0.8,0.16608250202210836
0.25,0.6666666666666665,0.1428571428571428,1.0,0.0,0.9999999999999999,0.625,0.8,0.16904826098678885
0.19444444444444442,0.75,0.2857142857142856,1.0,0.0,0.0,0.625,0.8,0.18603397142086817
0.19444444444444442,0.75,0.2857142857142856,1.0,0.0,0.33333333333333337,0.625,0.8,0.1871124292262065
0.19444444444444442,0.75,0.2857142857142856,1.0,0.0,0.6666666666666666,0.625,0.8,0.17956322458883792
0.19444444444444442,0.75,0.2857142857142856,1.0,0.0,0.9999999999999999,0.625,0.8,0.18468589916419517
0.11111111111111116,0.833333333333333,0.4285714285714286,1.0,0.0,0.0,0.625,0.8,0.1871124292262065
0.11111111111111116,0.833333333333333,0.4285714285714286,1.0,0.0,0.33333333333333337,0.625,0.8,0.1884605014828795
0.11111111111111116,0.833333333333333,0.4285714285714286,1.0,0.0,0.6666666666666666,0.625,0.8,0.18468589916419517
0.11111111111111116,0.833333333333333,0.4285714285714286,1.0,0.0,0.9999999999999999,0.625,0.8,0.18630358587220272
0.05555555555555558,0.9166666666666665,0.5714285714285714,1.0,0.0,0.0,0.625,0.8,0.2960366675653814
0.05555555555555558,0.9166666666666665,0.5714285714285714,1.0,0.0,0.33333333333333337,0.625,0.8,0.28794823402534375
0.05555555555555558,0.9166666666666665,0.5714285714285714,1.0,0.0,0.6666666666666666,0.625,0.8,0.284443246157994
0.05555555555555558,0.9166666666666665,0.5714285714285714,1.0,0.0,0.9999999999999999,0.625,0.8,0.28606093286600165
0.0,1.0,0.7142857142857142,1.0,0.0,0.0,0.625,0.8,0.2243192235103801
0.0,1.0,0.7142857142857142,1.0,0.0,0.33333333333333337,0.625,0.8,0.2318684281477487
0.0,1.0,0.7142857142857142,1.0,0.0,0.6666666666666666,0.625,0.8,0.2318684281477487
0.0,1.0,0.7142857142857142,1.0,0.0,0.9999999999999999,0.625,0.8,0.23294688595308707
0.9999999999999998,0.0,0.2857142857142856,0.0,1.0,0.0,0.625,1.0,0.6114855756268536
0.9999999999999998,0.0,0.2857142857142856,0.0,1.0,0.33333333333333337,0.625,1.0,0.6085198166621729
0.9999999999999998,0.0,0.2857142857142856,0.0,1.0,0.6666666666666666,0.625,1.0,0.5969263952547855
0.9999999999999998,0.0,0.2857142857142856,0.0,1.0,0.9999999999999999,0.625,1.0,0.6093286600161768
0.7777777777777779,0.16666666666666652,0.4285714285714286,0.11111111111111116,1.0,0.0,0.625,1.0,0.7311943920194122
0.7777777777777779,0.16666666666666652,0.4285714285714286,0.11111111111111116,1.0,0.33333333333333337,0.625,1.0,0.7090860070099757
0.7777777777777779,0.16666666666666652,0.4285714285714286,0.11111111111111116,1.0,0.6666666666666666,0.625,1.0,0.6880560798058776
0.7777777777777779,0.16666666666666652,0.4285714285714286,0.11111111111111116,1.0,0.9999999999999999,0.625,1.0,0.7131302237799946
0.6666666666666667,0.25,0.2857142857142856,0.33333333333333326,1.0,0.0,0.625,1.0,0.6389862496629819
0.6666666666666667,0.25,0.2857142857142856,0.33333333333333326,1.0,0.33333333333333337,0.625,1.0,0.6222701536802372
0.6666666666666667,0.25,0.2857142857142856,0.33333333333333326,1.0,0.6666666666666666,0.625,1.0,0.601240226476139
0.6666666666666667,0.25,0.2857142857142856,0.33333333333333326,1.0,0.9999999999999999,0.625,1.0,0.6303585872202749
0.5555555555555556,0.33333333333333304,0.4285714285714286,0.33333333333333326,1.0,0.0,0.625,1.0,0.5308708546778106
0.5555555555555556,0.33333333333333304,0.4285714285714286,0.33333333333333326,1.0,0.33333333333333337,0.625,1.0,0.5165812887570773
0.5555555555555556,0.33333333333333304,0.4285714285714286,0.33333333333333326,1.0,0.6666666666666666,0.625,1.0,0.5012132650310056
0.5555555555555556,0.33333333333333304,0.4285714285714286,0.33333333333333326,1.0,0.9999999999999999,0.625,1.0,0.5252089511997842
0.47222222222222254,0.4166666666666665,0.5714285714285714,0.33333333333333326,1.0,0.0,0.625,1.0,0.9134537611215959
0.47222222222222254,0.4166666666666665,0.5714285714285714,0.33333333333333326,1.0,0.33333333333333337,0.625,1.0,0.9118360744135884
0.47222222222222254,0.4166666666666665,0.5714285714285714,0.33333333333333326,1.0,0.6666666666666666,0.625,1.0,0.8897276894041518
0.47222222222222254,0.4166666666666665,0.5714285714285714,0.33333333333333326,1.0,0.9999999999999999,0.625,1.0,0.8800215691561065
0.38888888888888906,0.5,0.9999999999999998,0.11111111111111116,1.0,0.0,0.625,1.0,0.8002156915610675
0.38888888888888906,0.5,0.9999999999999998,0.11111111111111116,1.0,0.33333333333333337,0.625,1.0,0.8258290644378538
0.38888888888888906,0.5,0.9999999999999998,0.11111111111111116,1.0,0.6666666666666666,0.625,1.0,0.8101914262604475
0.38888888888888906,0.5,0.9999999999999998,0.11111111111111116,1.0,0.9999999999999999,0.625,1.0,0.8274467511458614
0.33333333333333326,0.583333333333333,0.0,1.0,0.0,0.0,0.625,1.0,0.16473442976543537
0.33333333333333326,0.583333333333333,0.0,1.0,0.0,0.33333333333333337,0.625,1.0,0.1526017794553788
0.33333333333333326,0.583333333333333,0.0,1.0,0.0,0.6666666666666666,0.625,1.0,0.15179293610137504
0.33333333333333326,0.583333333333333,0.0,1.0,0.0,0.9999999999999999,0.625,1.0,0.1620382852520895
0.25,0.6666666666666665,0.1428571428571428,1.0,0.0,0.0,0.625,1.0,0.1687786465354543
0.25,0.6666666666666665,0.1428571428571428,1.0,0.0,0.33333333333333337,0.625,1.0,0.16662173092477753
0.25,0.6666666666666665,0.1428571428571428,1.0,0.0,0.6666666666666666,0.625,1.0,0.16823941763278508
0.25,0.6666666666666665,0.1428571428571428,1.0,0.0,0.9999999999999999,0.625,1.0,0.1687786465354543
0.19444444444444442,0.75,0.2857142857142856,1.0,0.0,0.0,0.625,1.0,0.1741709355621461
0.19444444444444442,0.75,0.2857142857142856,1.0,0.0,0.33333333333333337,0.625,1.0,0.16473442976543537
0.19444444444444442,0.75,0.2857142857142856,1.0,0.0,0.6666666666666666,0.625,1.0,0.16635211647344297
0.19444444444444442,0.75,0.2857142857142856,1.0,0.0,0.9999999999999999,0.625,1.0,0.1741709355621461
0.11111111111111116,0.833333333333333,0.4285714285714286,1.0,0.0,0.0,0.625,1.0,0.18657320032353733
0.11111111111111116,0.833333333333333,0.4285714285714286,1.0,0.0,0.33333333333333337,0.625,1.0,0.18360744135885684
0.11111111111111116,0.833333333333333,0.4285714285714286,1.0,0.0,0.6666666666666666,0.625,1.0,0.18252898355351846
0.11111111111111116,0.833333333333333,0.4285714285714286,1.0,0.0,0.9999999999999999,0.625,1.0,0.18899973038554865
0.05555555555555558,0.9166666666666665,0.5714285714285714,1.0,0.0,0.0,0.625,1.0,0.2890266918306821
0.05555555555555558,0.9166666666666665,0.5714285714285714,1.0,0.0,0.33333333333333337,0.625,1.0,0.29253167969803173
0.05555555555555558,0.9166666666666665,0.5714285714285714,1.0,0.0,0.6666666666666666,0.625,1.0,0.28983553518468597
0.05555555555555558,0.9166666666666665,0.5714285714285714,1.0,0.0,0.9999999999999999,0.625,1.0,0.2941493664060394
0.0,1.0,0.7142857142857142,1.0,0.0,0.0,0.625,1.0,0.2067942841736317
0.0,1.0,0.7142857142857142,1.0,0.0,0.33333333333333337,0.625,1.0,0.21515233216500404
0.0,1.0,0.7142857142857142,1.0,0.0,0.6666666666666666,0.625,1.0,0.21973577783769208
0.0,1.0,0.7142857142857142,1.0,0.0,0.9999999999999999,0.625,1.0,0.21164734429765433
0.9999999999999998,0.0,0.2857142857142856,0.0,1.0,0.0,1.0,0.2,0.7077379347533026
0.9999999999999998,0.0,0.2857142857142856,0.0,1.0,0.33333333333333337,1.0,0.2,0.7077379347533026
0.9999999999999998,0.0,0.2857142857142856,0.0,1.0,0.6666666666666666,1.0,0.2,0.7139390671339984
0.9999999999999998,0.0,0.2857142857142856,0.0,1.0,0.9999999999999999,1.0,0.2,0.7150175249393367
0.7777777777777779,0.16666666666666652,0.4285714285714286,0.11111111111111116,1.0,0.0,1.0,0.2,0.8212456187651657
0.7777777777777779,0.16666666666666652,0.4285714285714286,0.11111111111111116,1.0,0.33333333333333337,1.0,0.2,0.8420059315179292
0.7777777777777779,0.16666666666666652,0.4285714285714286,0.11111111111111116,1.0,0.6666666666666666,1.0,0.2,0.8263682933405229
0.7777777777777779,0.16666666666666652,0.4285714285714286,0.11111111111111116,1.0,0.9999999999999999,1.0,0.2,0.8074952817471015
0.6666666666666667,0.25,0.2857142857142856,0.33333333333333326,1.0,0.0,1.0,0.2,0.6977622000539228
0.6666666666666667,0.25,0.2857142857142856,0.33333333333333326,1.0,0.33333333333333337,1.0,0.2,0.7112429226206524
0.6666666666666667,0.25,0.2857142857142856,0.33333333333333326,1.0,0.6666666666666666,1.0,0.2,0.7031544890806147
0.6666666666666667,0.25,0.2857142857142856,0.33333333333333326,1.0,0.9999999999999999,1.0,0.2,0.6815853329738473
0.5555555555555556,0.33333333333333304,0.4285714285714286,0.33333333333333326,1.0,0.0,1.0,0.2,0.6257751415475868
0.5555555555555556,0.33333333333333304,0.4285714285714286,0.33333333333333326,1.0,0.33333333333333337,1.0,0.2,0.6443785386896737
0.5555555555555556,0.33333333333333304,0.4285714285714286,0.33333333333333326,1.0,0.6666666666666666,1.0,0.2,0.6341331895389593
0.5555555555555556,0.33333333333333304,0.4285714285714286,0.33333333333333326,1.0,0.9999999999999999,1.0,0.2,0.6104071178215151
0.47222222222222254,0.4166666666666665,0.5714285714285714,0.33333333333333326,1.0,0.0,1.0,0.2,0.9541655432731192
0.47222222222222254,0.4166666666666665,0.5714285714285714,0.33333333333333326,1.0,0.33333333333333337,1.0,0.2,0.9870585063359395
0.47222222222222254,0.4166666666666665,0.5714285714285714,0.33333333333333326,1.0,0.6666666666666666,1.0,0.2,0.9838231329199244
0.47222222222222254,0.4166666666666665,0.5714285714285714,0.33333333333333326,1.0,0.9999999999999999,1.0,0.2,0.9614451334591533
0.38888888888888906,0.5,0.9999999999999998,0.11111111111111116,1.0,0.0,1.0,0.2,0.9374494472903746
0.38888888888888906,0.5,0.9999999999999998,0.11111111111111116,1.0,0.33333333333333337,1.0,0.2,0.9156106767322726
0.38888888888888906,0.5,0.9999999999999998,0.11111111111111116,1.0,0.6666666666666666,1.0,0.2,0.9355621461310325
0.38888888888888906,0.5,0.9999999999999998,0.11111111111111116,1.0,0.9999999999999999,1.0,0.2,0.9280129414936639
0.33333333333333326,0.583333333333333,0.0,1.0,0.0,0.0,1.0,0.2,0.22944189808573737
0.33333333333333326,0.583333333333333,0.0,1.0,0.0,0.33333333333333337,1.0,0.2,0.2318684281477487
0.33333333333333326,0.583333333333333,0.0,1.0,0.0,0.6666666666666666,1.0,0.2,0.2289026691830682
0.33333333333333326,0.583333333333333,0.0,1.0,0.0,0.9999999999999999,1.0,0.2,0.23025074143974114
0.25,0.6666666666666665,0.1428571428571428,1.0,0.0,0.0,1.0,0.2,0.22917228363440276
0.25,0.6666666666666665,0.1428571428571428,1.0,0.0,0.33333333333333337,1.0,0.2,0.23159881369641408
0.25,0.6666666666666665,0.1428571428571428,1.0,0.0,0.6666666666666666,1.0,0.2,0.2289026691830682
0.25,0.6666666666666665,0.1428571428571428,1.0,0.0,0.9999999999999999,1.0,0.2,0.23105958479374492
0.19444444444444442,0.75,0.2857142857142856,1.0,0.0,0.0,1.0,0.2,0.22917228363440276
0.19444444444444442,0.75,0.2857142857142856,1.0,0.0,0.33333333333333337,1.0,0.2,0.23429495820976
0.19444444444444442,0.75,0.2857142857142856,1.0,0.0,0.6666666666666666,1.0,0.2,0.22674575357239143
0.19444444444444442,0.75,0.2857142857142856,1.0,0.0,0.9999999999999999,1.0,0.2,0.22674575357239143
0.11111111111111116,0.833333333333333,0.4285714285714286,1.0,0.0,0.0,1.0,0.2,0.2485845241304934
0.11111111111111116,0.833333333333333,0.4285714285714286,1.0,0.0,0.33333333333333337,1.0,0.2,0.2485845241304934
0.11111111111111116,0.833333333333333,0.4285714285714286,1.0,0.0,0.6666666666666666,1.0,0.2,0.2485845241304934
0.11111111111111116,0.833333333333333,0.4285714285714286,1.0,0.0,0.9999999999999999,1.0,0.2,0.2485845241304934
0.05555555555555558,0.9166666666666665,0.5714285714285714,1.0,0.0,0.0,1.0,0.2,0.3642491237530331
0.05555555555555558,0.9166666666666665,0.5714285714285714,1.0,0.0,0.33333333333333337,1.0,0.2,0.35993529253167966
0.05555555555555558,0.9166666666666665,0.5714285714285714,1.0,0.0,0.6666666666666666,1.0,0.2,0.36317066594769476
0.05555555555555558,0.9166666666666665,0.5714285714285714,1.0,0.0,0.9999999999999999,1.0,0.2,0.3615529792396872
0.0,1.0,0.7142857142857142,1.0,0.0,0.0,1.0,0.2,0.24480992181180908
0.0,1.0,0.7142857142857142,1.0,0.0,0.33333333333333337,1.0,0.2,0.30088972768940414
0.0,1.0,0.7142857142857142,1.0,0.0,0.6666666666666666,1.0,0.2,0.30008088433540037
0.0,1.0,0.7142857142857142,1.0,0.0,0.9999999999999999,1.0,0.2,0.30008088433540037
0.9999999999999998,0.0,0.2857142857142856,0.0,1.0,0.0,1.0,0.4,0.7228363440280398
0.9999999999999998,0.0,0.2857142857142856,0.0,1.0,0.33333333333333337,1.0,0.4,0.7198705850633593
0.9999999999999998,0.0,0.2857142857142856,0.0,1.0,0.6666666666666666,1.0,0.4,0.7071987058506336
0.9999999999999998,0.0,0.2857142857142856,0.0,1.0,0.9999999999999999,1.0,0.4,0.7201401995146939
0.7777777777777779,0.16666666666666652,0.4285714285714286,0.11111111111111116,1.0,0.0,1.0,0.4,0.8042599083310865
0.7777777777777779,0.16666666666666652,0.4285714285714286,0.11111111111111116,1.0,0.33333333333333337,1.0,0.4,0.8239417632785117
0.7777777777777779,0.16666666666666652,0.4285714285714286,0.11111111111111116,1.0,0.6666666666666666,1.0,0.4,0.8101914262604475
0.7777777777777779,0.16666666666666652,0.4285714285714286,0.11111111111111116,1.0,0.9999999999999999,1.0,0.4,0.8002156915610675
0.6666666666666667,0.25,0.2857142857142856,0.33333333333333326,1.0,0.0,1.0,0.4,0.7136694526826636
0.6666666666666667,0.25,0.2857142857142856,0.33333333333333326,1.0,0.33333333333333337,1.0,0.4,0.7206794284173631
0.6666666666666667,0.25,0.2857142857142856,0.33333333333333326,1.0,0.6666666666666666,1.0,0.4,0.7042329468859531
0.6666666666666667,0.25,0.2857142857142856,0.33333333333333326,1.0,0.9999999999999999,1.0,0.4,0.691021838770558
0.5555555555555556,0.33333333333333304,0.4285714285714286,0.33333333333333326,1.0,0.0,1.0,0.4,0.6184955513615529
0.5555555555555556,0.33333333333333304,0.4285714285714286,0.33333333333333326,1.0,0.33333333333333337,1.0,0.4,0.6330547317336208
0.5555555555555556,0.33333333333333304,0.4285714285714286,0.33333333333333326,1.0,0.6666666666666666,1.0,0.4,0.6101375033701806
0.5555555555555556,0.33333333333333304,0.4285714285714286,0.33333333333333326,1.0,0.9999999999999999,1.0,0.4,0.5931517929361013
0.47222222222222254,0.4166666666666665,0.5714285714285714,0.33333333333333326,1.0,0.0,1.0,0.4,0.9606362901051496
0.47222222222222254,0.4166666666666665,0.5714285714285714,0.33333333333333326,1.0,0.33333333333333337,1.0,0.4,0.9999999999999999
0.47222222222222254,0.4166666666666665,0.5714285714285714,0.33333333333333326,1.0,0.6666666666666666,1.0,0.4,0.9902938797519546
0.47222222222222254,0.4166666666666665,0.5714285714285714,0.33333333333333326,1.0,0.9999999999999999,1.0,0.4,0.968185494742518
0.38888888888888906,0.5,0.9999999999999998,0.11111111111111116,1.0,0.0,1.0,0.4,0.9374494472903746
0.38888888888888906,0.5,0.9999999999999998,0.11111111111111116,1.0,0.33333333333333337,1.0,0.4,0.9204637368562952
0.38888888888888906,0.5,0.9999999999999998,0.11111111111111116,1.0,0.6666666666666666,1.0,0.4,0.9317875438123483
0.38888888888888906,0.5,0.9999999999999998,0.11111111111111116,1.0,0.9999999999999999,1.0,0.4,0.9277433270423293
0.33333333333333326,0.583333333333333,0.0,1.0,0.0,0.0,1.0,0.4,0.22998112698840653
0.33333333333333326,0.583333333333333,0.0,1.0,0.0,0.33333333333333337,1.0,0.4,0.2275545969263952
0.33333333333333326,0.583333333333333,0.0,1.0,0.0,0.6666666666666666,1.0,0.4,0.22027500674036124
0.33333333333333326,0.583333333333333,0.0,1.0,0.0,0.9999999999999999,1.0,0.4,0.2289026691830682
0.25,0.6666666666666665,0.1428571428571428,1.0,0.0,0.0,1.0,0.4,0.23429495820976
0.25,0.6666666666666665,0.1428571428571428,1.0,0.0,0.33333333333333337,1.0,0.4,0.23321650040442168
0.25,0.6666666666666665,0.1428571428571428,1.0,0.0,0.6666666666666666,1.0,0.4,0.22620652466972227
0.25,0.6666666666666665,0.1428571428571428,1.0,0.0,0.9999999999999999,1.0,0.4,0.23456457266109462
0.19444444444444442,0.75,0.2857142857142856,1.0,0.0,0.0,1.0,0.4,0.23564303046643295
0.19444444444444442,0.75,0.2857142857142856,1.0,0.0,0.33333333333333337,1.0,0.4,0.23456457266109462
0.19444444444444442,0.75,0.2857142857142856,1.0,0.0,0.6666666666666666,1.0,0.4,0.2243192235103801
0.19444444444444442,0.75,0.2857142857142856,1.0,0.0,0.9999999999999999,1.0,0.4,0.23213804259908324
0.11111111111111116,0.833333333333333,0.4285714285714286,1.0,0.0,0.0,1.0,0.4,0.2515502830951739
0.11111111111111116,0.833333333333333,0.4285714285714286,1.0,0.0,0.33333333333333337,1.0,0.4,0.2502022108385009
0.11111111111111116,0.833333333333333,0.4285714285714286,1.0,0.0,0.6666666666666666,1.0,0.4,0.24480992181180908
0.11111111111111116,0.833333333333333,0.4285714285714286,1.0,0.0,0.9999999999999999,1.0,0.4,0.2504718252898356
0.05555555555555558,0.9166666666666665,0.5714285714285714,1.0,0.0,0.0,1.0,0.4,0.3556214613103261
0.05555555555555558,0.9166666666666665,0.5714285714285714,1.0,0.0,0.33333333333333337,1.0,0.4,0.34699379886761916
0.05555555555555558,0.9166666666666665,0.5714285714285714,1.0,0.0,0.6666666666666666,1.0,0.4,0.3475330277702884
0.05555555555555558,0.9166666666666665,0.5714285714285714,1.0,0.0,0.9999999999999999,1.0,0.4,0.35346454569964947
0.0,1.0,0.7142857142857142,1.0,0.0,0.0,1.0,0.4,0.28983553518468597
0.0,1.0,0.7142857142857142,1.0,0.0,0.33333333333333337,1.0,0.4,0.3025074143974117
0.0,1.0,0.7142857142857142,1.0,0.0,0.6666666666666666,1.0,0.4,0.30331625775141546
0.0,1.0,0.7142857142857142,1.0,0.0,0.9999999999999999,1.0,0.4,0.3003504987867349
0.9999999999999998,0.0,0.2857142857142856,0.0,1.0,0.0,1.0,0.6000000000000001,0.7228363440280398
0.9999999999999998,0.0,0.2857142857142856,0.0,1.0,0.33333333333333337,1.0,0.6000000000000001,0.71933135616069
0.9999999999999998,0.0,0.2857142857142856,0.0,1.0,0.6666666666666666,1.0,0.6000000000000001,0.7069290913992988
0.9999999999999998,0.0,0.2857142857142856,0.0,1.0,0.9999999999999999,1.0,0.6000000000000001,0.7209490428686977
0.7777777777777779,0.16666666666666652,0.4285714285714286,0.11111111111111116,1.0,0.0,1.0,0.6000000000000001,0.7611215961175518
0.7777777777777779,0.16666666666666652,0.4285714285714286,0.11111111111111116,1.0,0.33333333333333337,1.0,0.6000000000000001,0.7802642221623078
0.7777777777777779,0.16666666666666652,0.4285714285714286,0.11111111111111116,1.0,0.6666666666666666,1.0,0.6000000000000001,0.7829603666756536
0.7777777777777779,0.16666666666666652,0.4285714285714286,0.11111111111111116,1.0,0.9999999999999999,1.0,0.6000000000000001,0.7624696683742247
0.6666666666666667,0.25,0.2857142857142856,0.33333333333333326,1.0,0.0,1.0,0.6000000000000001,0.6813157185225127
0.6666666666666667,0.25,0.2857142857142856,0.33333333333333326,1.0,0.33333333333333337,1.0,0.6000000000000001,0.7039633324346183
0.6666666666666667,0.25,0.2857142857142856,0.33333333333333326,1.0,0.6666666666666666,1.0,0.6000000000000001,0.7020760312752762
0.6666666666666667,0.25,0.2857142857142856,0.33333333333333326,1.0,0.9999999999999999,1.0,0.6000000000000001,0.6964141277972499
0.5555555555555556,0.33333333333333304,0.4285714285714286,0.33333333333333326,1.0,0.0,1.0,0.6000000000000001,0.6109463467241844
0.5555555555555556,0.33333333333333304,0.4285714285714286,0.33333333333333326,1.0,0.33333333333333337,1.0,0.6000000000000001,0.6379077918576436
0.5555555555555556,0.33333333333333304,0.4285714285714286,0.33333333333333326,1.0,0.6666666666666666,1.0,0.6000000000000001,0.6325155028309516
0.5555555555555556,0.33333333333333304,0.4285714285714286,0.33333333333333326,1.0,0.9999999999999999,1.0,0.6000000000000001,0.6174170935562145
0.47222222222222254,0.4166666666666665,0.5714285714285714,0.33333333333333326,1.0,0.0,1.0,0.6000000000000001,0.950390940954435
0.47222222222222254,0.4166666666666665,0.5714285714285714,0.33333333333333326,1.0,0.33333333333333337,1.0,0.6000000000000001,0.9514693987597732
0.47222222222222254,0.4166666666666665,0.5714285714285714,0.33333333333333326,1.0,0.6666666666666666,1.0,0.6000000000000001,0.9835535184685898
0.47222222222222254,0.4166666666666665,0.5714285714285714,0.33333333333333326,1.0,0.9999999999999999,1.0,0.6000000000000001,0.9724993259638716
0.38888888888888906,0.5,0.9999999999999998,0.11111111111111116,1.0,0.0,1.0,0.6000000000000001,0.8980857373955243
0.38888888888888906,0.5,0.9999999999999998,0.11111111111111116,1.0,0.33333333333333337,1.0,0.6000000000000001,0.9121056888649232
0.38888888888888906,0.5,0.9999999999999998,0.11111111111111116,1.0,0.6666666666666666,1.0,0.6000000000000001,0.8864923159881369
0.38888888888888906,0.5,0.9999999999999998,0.11111111111111116,1.0,0.9999999999999999,1.0,0.6000000000000001,0.9077918576435696
0.33333333333333326,0.583333333333333,0.0,1.0,0.0,0.0,1.0,0.6000000000000001,0.21461310326233488
0.33333333333333326,0.583333333333333,0.0,1.0,0.0,0.33333333333333337,1.0,0.6000000000000001,0.22135346454569962
0.33333333333333326,0.583333333333333,0.0,1.0,0.0,0.6666666666666666,1.0,0.6000000000000001,0.21811809112968453
0.33333333333333326,0.583333333333333,0.0,1.0,0.0,0.9999999999999999,1.0,0.6000000000000001,0.20949042868697756
0.25,0.6666666666666665,0.1428571428571428,1.0,0.0,0.0,1.0,0.6000000000000001,0.21730924777568075
0.25,0.6666666666666665,0.1428571428571428,1.0,0.0,0.33333333333333337,1.0,0.6000000000000001,0.21623078997034237
0.25,0.6666666666666665,0.1428571428571428,1.0,0.0,0.6666666666666666,1.0,0.6000000000000001,0.21380425990833105
0.25,0.6666666666666665,0.1428571428571428,1.0,0.0,0.9999999999999999,1.0,0.6000000000000001,0.21164734429765433
0.19444444444444442,0.75,0.2857142857142856,1.0,0.0,0.0,1.0,0.6000000000000001,0.22404960905904556
0.19444444444444442,0.75,0.2857142857142856,1.0,0.0,0.33333333333333337,1.0,0.6000000000000001,0.23052035589107575
0.19444444444444442,0.75,0.2857142857142856,1.0,0.0,0.6666666666666666,1.0,0.6000000000000001,0.2243192235103801
0.19444444444444442,0.75,0.2857142857142856,1.0,0.0,0.9999999999999999,1.0,0.6000000000000001,0.21757886222701536
0.11111111111111116,0.833333333333333,0.4285714285714286,1.0,0.0,0.0,1.0,0.6000000000000001,0.24669722297115124
0.11111111111111116,0.833333333333333,0.4285714285714286,1.0,0.0,0.33333333333333337,1.0,0.6000000000000001,0.2472364518738204
0.11111111111111116,0.833333333333333,0.4285714285714286,1.0,0.0,0.6666666666666666,1.0,0.6000000000000001,0.23483418711242923
0.11111111111111116,0.833333333333333,0.4285714285714286,1.0,0.0,0.9999999999999999,1.0,0.6000000000000001,0.23968724723645188
0.05555555555555558,0.9166666666666665,0.5714285714285714,1.0,0.0,0.0,1.0,0.6000000000000001,0.33620922081423565
0.05555555555555558,0.9166666666666665,0.5714285714285714,1.0,0.0,0.33333333333333337,1.0,0.6000000000000001,0.3424103531949312
0.05555555555555558,0.9166666666666665,0.5714285714285714,1.0,0.0,0.6666666666666666,1.0,0.6000000000000001,0.33620922081423565
0.05555555555555558,0.9166666666666665,0.5714285714285714,1.0,0.0,0.9999999999999999,1.0,0.6000000000000001,0.33566999191156643
0.0,1.0,0.7142857142857142,1.0,0.0,0.0,1.0,0.6000000000000001,0.28201671609598267
0.0,1.0,0.7142857142857142,1.0,0.0,0.33333333333333337,1.0,0.6000000000000001,0.2787813426799677
0.0,1.0,0.7142857142857142,1.0,0.0,0.6666666666666666,1.0,0.6000000000000001,0.28417363170665944
0.0,1.0,0.7142857142857142,1.0,0.0,0.9999999999999999,1.0,0.6000000000000001,0.28929630628201664
0.9999999999999998,0.0,0.2857142857142856,0.0,1.0,0.0,1.0,0.8,0.7236451873820436
0.9999999999999998,0.0,0.2857142857142856,0.0,1.0,0.33333333333333337,1.0,0.8,0.718792127258021
0.9999999999999998,0.0,0.2857142857142856,0.0,1.0,0.6666666666666666,1.0,0.8,0.7063898624966297
0.9999999999999998,0.0,0.2857142857142856,0.0,1.0,0.9999999999999999,1.0,0.8,0.7206794284173631
0.7777777777777779,0.16666666666666652,0.4285714285714286,0.11111111111111116,1.0,0.0,1.0,0.8,0.8207063898624966
0.7777777777777779,0.16666666666666652,0.4285714285714286,0.11111111111111116,1.0,0.33333333333333337,1.0,0.8,0.8012941493664059
0.7777777777777779,0.16666666666666652,0.4285714285714286,0.11111111111111116,1.0,0.6666666666666666,1.0,0.8,0.7923968724723643
0.7777777777777779,0.16666666666666652,0.4285714285714286,0.11111111111111116,1.0,0.9999999999999999,1.0,0.8,0.8239417632785117
0.6666666666666667,0.25,0.2857142857142856,0.33333333333333326,1.0,0.0,1.0,0.8,0.7109733081693178
0.6666666666666667,0.25,0.2857142857142856,0.33333333333333326,1.0,0.33333333333333337,1.0,0.8,0.6915610676732272
0.6666666666666667,0.25,0.2857142857142856,0.33333333333333326,1.0,0.6666666666666666,1.0,0.8,0.7047721757886222
0.6666666666666667,0.25,0.2857142857142856,0.33333333333333326,1.0,0.9999999999999999,1.0,0.8,0.7209490428686977
0.5555555555555556,0.33333333333333304,0.4285714285714286,0.33333333333333326,1.0,0.0,1.0,0.8,0.6179563224588837
0.5555555555555556,0.33333333333333304,0.4285714285714286,0.33333333333333326,1.0,0.33333333333333337,1.0,0.8,0.5942302507414396
0.5555555555555556,0.33333333333333304,0.4285714285714286,0.33333333333333326,1.0,0.6666666666666666,1.0,0.8,0.6101375033701806
0.5555555555555556,0.33333333333333304,0.4285714285714286,0.33333333333333326,1.0,0.9999999999999999,1.0,0.8,0.6338635750876246
0.47222222222222254,0.4166666666666665,0.5714285714285714,0.33333333333333326,1.0,0.0,1.0,0.8,0.9911027231059585
0.47222222222222254,0.4166666666666665,0.5714285714285714,0.33333333333333326,1.0,0.33333333333333337,1.0,0.8,0.9630628201671608
0.47222222222222254,0.4166666666666665,0.5714285714285714,0.33333333333333326,1.0,0.6666666666666666,1.0,0.8,0.9520086276624425
0.47222222222222254,0.4166666666666665,0.5714285714285714,0.33333333333333326,1.0,0.9999999999999999,1.0,0.8,0.9962253976813157
0.38888888888888906,0.5,0.9999999999999998,0.11111111111111116,1.0,0.0,1.0,0.8,0.9347533027770286
0.38888888888888906,0.5,0.9999999999999998,0.11111111111111116,1.0,0.33333333333333337,1.0,0.8,0.9272040981396602
0.38888888888888906,0.5,0.9999999999999998,0.11111111111111116,1.0,0.6666666666666666,1.0,0.8,0.932596387166352
0.38888888888888906,0.5,0.9999999999999998,0.11111111111111116,1.0,0.9999999999999999,1.0,0.8,0.919385279050957
0.33333333333333326,0.583333333333333,0.0,1.0,0.0,0.0,1.0,0.8,0.2253976813157185
0.33333333333333326,0.583333333333333,0.0,1.0,0.0,0.33333333333333337,1.0,0.8,0.22836344028039904
0.33333333333333326,0.583333333333333,0.0,1.0,0.0,0.6666666666666666,1.0,0.8,0.22404960905904556
0.33333333333333326,0.583333333333333,0.0,1.0,0.0,0.9999999999999999,1.0,0.8,0.22728498247506065
0.25,0.6666666666666665,0.1428571428571428,1.0,0.0,0.0,1.0,0.8,0.23159881369641408
0.25,0.6666666666666665,0.1428571428571428,1.0,0.0,0.33333333333333337,1.0,0.8,0.23429495820976
0.25,0.6666666666666665,0.1428571428571428,1.0,0.0,0.6666666666666666,1.0,0.8,0.22809382582906443
0.25,0.6666666666666665,0.1428571428571428,1.0,0.0,0.9999999999999999,1.0,0.8,0.23321650040442168
0.19444444444444442,0.75,0.2857142857142856,1.0,0.0,0.0,1.0,0.8,0.22998112698840653
0.19444444444444442,0.75,0.2857142857142856,1.0,0.0,0.33333333333333337,1.0,0.8,0.23213804259908324
0.19444444444444442,0.75,0.2857142857142856,1.0,0.0,0.6666666666666666,1.0,0.8,0.22971151253707192
0.19444444444444442,0.75,0.2857142857142856,1.0,0.0,0.9999999999999999,1.0,0.8,0.23456457266109462
0.11111111111111116,0.833333333333333,0.4285714285714286,1.0,0.0,0.0,1.0,0.8,0.2515502830951739
0.11111111111111116,0.833333333333333,0.4285714285714286,1.0,0.0,0.33333333333333337,1.0,0.8,0.2502022108385009
0.11111111111111116,0.833333333333333,0.4285714285714286,1.0,0.0,0.6666666666666666,1.0,0.8,0.24480992181180908
0.11111111111111116,0.833333333333333,0.4285714285714286,1.0,0.0,0.9999999999999999,1.0,0.8,0.2504718252898356
0.05555555555555558,0.9166666666666665,0.5714285714285714,1.0,0.0,0.0,1.0,0.8,0.3518468589916418
0.05555555555555558,0.9166666666666665,0.5714285714285714,1.0,0.0,0.33333333333333337,1.0,0.8,0.353734160150984
0.05555555555555558,0.9166666666666665,0.5714285714285714,1.0,0.0,0.6666666666666666,1.0,0.8,0.35022917228363437
0.05555555555555558,0.9166666666666665,0.5714285714285714,1.0,0.0,0.9999999999999999,1.0,0.8,0.34591534106228083
0.0,1.0,0.7142857142857142,1.0,0.0,0.0,1.0,0.8,0.281207872741979
0.0,1.0,0.7142857142857142,1.0,0.0,0.33333333333333337,1.0,0.8,0.29361013750337006
0.0,1.0,0.7142857142857142,1.0,0.0,0.6666666666666666,1.0,0.8,0.2946885953087085
0.0,1.0,0.7142857142857142,1.0,0.0,0.9999999999999999,1.0,0.8,0.2901051496360204
0.9999999999999998,0.0,0.2857142857142856,0.0,1.0,0.0,1.0,1.0,0.7233755729307091
0.9999999999999998,0.0,0.2857142857142856,0.0,1.0,0.33333333333333337,1.0,1.0,0.7201401995146939
0.9999999999999998,0.0,0.2857142857142856,0.0,1.0,0.6666666666666666,1.0,1.0,0.7063898624966297
0.9999999999999998,0.0,0.2857142857142856,0.0,1.0,0.9999999999999999,1.0,1.0,0.7204098139660284
0.7777777777777779,0.16666666666666652,0.4285714285714286,0.11111111111111116,1.0,0.0,1.0,1.0,0.7996764626583984
0.7777777777777779,0.16666666666666652,0.4285714285714286,0.11111111111111116,1.0,0.33333333333333337,1.0,1.0,0.7818819088703153
0.7777777777777779,0.16666666666666652,0.4285714285714286,0.11111111111111116,1.0,0.6666666666666666,1.0,1.0,0.7740630897816122
0.7777777777777779,0.16666666666666652,0.4285714285714286,0.11111111111111116,1.0,0.9999999999999999,1.0,1.0,0.788083041251011
0.6666666666666667,0.25,0.2857142857142856,0.33333333333333326,1.0,0.0,1.0,1.0,0.7090860070099757
0.6666666666666667,0.25,0.2857142857142856,0.33333333333333326,1.0,0.33333333333333337,1.0,1.0,0.695605284443246
0.6666666666666667,0.25,0.2857142857142856,0.33333333333333326,1.0,0.6666666666666666,1.0,1.0,0.6770018873011593
0.6666666666666667,0.25,0.2857142857142856,0.33333333333333326,1.0,0.9999999999999999,1.0,1.0,0.702345645726611
0.5555555555555556,0.33333333333333304,0.4285714285714286,0.33333333333333326,1.0,0.0,1.0,1.0,0.646805068751685
0.5555555555555556,0.33333333333333304,0.4285714285714286,0.33333333333333326,1.0,0.33333333333333337,1.0,1.0,0.6333243461849554
0.5555555555555556,0.33333333333333304,0.4285714285714286,0.33333333333333326,1.0,0.6666666666666666,1.0,1.0,0.6214613103262333
0.5555555555555556,0.33333333333333304,0.4285714285714286,0.33333333333333326,1.0,0.9999999999999999,1.0,1.0,0.6446481531410083
0.47222222222222254,0.4166666666666665,0.5714285714285714,0.33333333333333326,1.0,0.0,1.0,1.0,0.9733081693178752
0.47222222222222254,0.4166666666666665,0.5714285714285714,0.33333333333333326,1.0,0.33333333333333337,1.0,1.0,0.9692639525478565
0.47222222222222254,0.4166666666666665,0.5714285714285714,0.33333333333333326,1.0,0.6666666666666666,1.0,1.0,0.9458074952817471
0.47222222222222254,0.4166666666666665,0.5714285714285714,0.33333333333333326,1.0,0.9999999999999999,1.0,1.0,0.9377190617417092
0.38888888888888906,0.5,0.9999999999999998,0.11111111111111116,1.0,0.0,1.0,1.0,0.8846050148287946
0.38888888888888906,0.5,0.9999999999999998,0.11111111111111116,1.0,0.33333333333333337,1.0,1.0,0.9088703154489078
0.38888888888888906,0.5,0.9999999999999998,0.11111111111111116,1.0,0.6666666666666666,1.0,1.0,0.8978161229441898
0.38888888888888906,0.5,0.9999999999999998,0.11111111111111116,1.0,0.9999999999999999,1.0,1.0,0.9126449177675923
0.33333333333333326,0.583333333333333,0.0,1.0,0.0,0.0,1.0,1.0,0.22647613912105688
0.33333333333333326,0.583333333333333,0.0,1.0,0.0,0.33333333333333337,1.0,1.0,0.22054462119169585
0.33333333333333326,0.583333333333333,0.0,1.0,0.0,0.6666666666666666,1.0,1.0,0.22000539228902669
0.33333333333333326,0.583333333333333,0.0,1.0,0.0,0.9999999999999999,1.0,1.0,0.22593691021838772
0.25,0.6666666666666665,0.1428571428571428,1.0,0.0,0.0,1.0,1.0,0.17309247775680772
0.25,0.6666666666666665,0.1428571428571428,1.0,0.0,0.33333333333333337,1.0,1.0,0.1784847667834996
0.25,0.6666666666666665,0.1428571428571428,1.0,0.0,0.6666666666666666,1.0,1.0,0.18198975465084924
0.25,0.6666666666666665,0.1428571428571428,1.0,0.0,0.9999999999999999,1.0,1.0,0.17282286330547317
0.19444444444444442,0.75,0.2857142857142856,1.0,0.0,0.0,1.0,1.0,0.2186573200323537
0.19444444444444442,0.75,0.2857142857142856,1.0,0.0,0.33333333333333337,1.0,1.0,0.22297115125370717
0.19444444444444442,0.75,0.2857142857142856,1.0,0.0,0.6666666666666666,1.0,1.0,0.2253976813157185
0.19444444444444442,0.75,0.2857142857142856,1.0,0.0,0.9999999999999999,1.0,1.0,0.22108385009436507
0.11111111111111116,0.833333333333333,0.4285714285714286,1.0,0.0,0.0,1.0,1.0,0.24130493394445943
0.11111111111111116,0.833333333333333,0.4285714285714286,1.0,0.0,0.33333333333333337,1.0,1.0,0.24022647613912104
0.11111111111111116,0.833333333333333,0.4285714285714286,1.0,0.0,0.6666666666666666,1.0,1.0,0.24022647613912104
0.11111111111111116,0.833333333333333,0.4285714285714286,1.0,0.0,0.9999999999999999,1.0,1.0,0.24669722297115124
0.05555555555555558,0.9166666666666665,0.5714285714285714,1.0,0.0,0.0,1.0,1.0,0.31490967915880297
0.05555555555555558,0.9166666666666665,0.5714285714285714,1.0,0.0,0.33333333333333337,1.0,1.0,0.32839040172553247
0.05555555555555558,0.9166666666666665,0.5714285714285714,1.0,0.0,0.6666666666666666,1.0,1.0,0.3275815583715287
0.05555555555555558,0.9166666666666665,0.5714285714285714,1.0,0.0,0.9999999999999999,1.0,1.0,0.32003235373416006
0.0,1.0,0.7142857142857142,1.0,0.0,0.0,1.0,1.0,0.2839040172553249
0.0,1.0,0.7142857142857142,1.0,0.0,0.33333333333333337,1.0,1.0,0.281207872741979
0.0,1.0,0.7142857142857142,1.0,0.0,0.6666666666666666,1.0,1.0,0.28228633054731733
0.0,1.0,0.7142857142857142,1.0,0.0,0.9999999999999999,1.0,1.0,0.28660016176867076
