X1,X2,X3,X4,X5,X6,X7,X8,Y2
0.9999999999999998,0.0,0.2857142857142856,0.0,1.0,0.0,0.0,0.0,0.2809049286291408
0.9999999999999998,0.0,0.2857142857142856,0.0,1.0,0.33333333333333337,0.0,0.0,0.2809049286291408
0.9999999999999998,0.0,0.2857142857142856,0.0,1.0,0.6666666666666666,0.0,0.0,0.2809049286291408
0.9999999999999998,0.0,0.2857142857142856,0.0,1.0,0.9999999999999999,0.0,0.0,0.2809049286291408
0.7777777777777779,0.16666666666666652,0.4285714285714286,0.11111111111111116,1.0,0.0,0.0,0.0,0.4680851063829788
0.7777777777777779,0.16666666666666652,0.4285714285714286,0.11111111111111116,1.0,0.33333333333333337,0.0,0.0,0.3899811473202262
0.7777777777777779,0.16666666666666652,0.4285714285714286,0.11111111111111116,1.0,0.6666666666666666,0.0,0.0,0.3840560193913278
0.7777777777777779,0.16666666666666652,0.4285714285714286,0.11111111111111116,1.0,0.9999999999999999,0.0,0.0,0.5036358739563696
0.6666666666666667,0.25,0.2857142857142856,0.33333333333333326,1.0,0.0,0.0,0.0,0.4416913546997037
0.6666666666666667,0.25,0.2857142857142856,0.33333333333333326,1.0,0.33333333333333337,0.0,0.0,0.2981416644223
0.6666666666666667,0.25,0.2857142857142856,0.33333333333333326,1.0,0.6666666666666666,0.0,0.0,0.33907891193105305
0.6666666666666667,0.25,0.2857142857142856,0.33333333333333326,1.0,0.9999999999999999,0.0,0.0,0.45704282251548617
0.5555555555555556,0.33333333333333304,0.4285714285714286,0.33333333333333326,1.0,0.0,0.0,0.0,0.3466199838405602
0.5555555555555556,0.33333333333333304,0.4285714285714286,0.33333333333333326,1.0,0.33333333333333337,0.0,0.0,0.2844061405871264
0.5555555555555556,0.33333333333333304,0.4285714285714286,0.33333333333333326,1.0,0.6666666666666666,0.0,0.0,0.2763264206840829
0.5555555555555556,0.33333333333333304,0.4285714285714286,0.33333333333333326,1.0,0.9999999999999999,0.0,0.0,0.3778615674656612
0.47222222222222254,0.4166666666666665,0.5714285714285714,0.33333333333333326,1.0,0.0,0.0,0.0,0.7225962833288446
0.47222222222222254,0.4166666666666665,0.5714285714285714,0.33333333333333326,1.0,0.33333333333333337,0.0,0.0,0.5486129814166443
0.47222222222222254,0.4166666666666665,0.5714285714285714,0.33333333333333326,1.0,0.6666666666666666,0.0,0.0,0.5394559655265283
0.47222222222222254,0.4166666666666665,0.5714285714285714,0.33333333333333326,1.0,0.9999999999999999,0.0,0.0,0.7686506867761917
0.38888888888888906,0.5,0.9999999999999998,0.11111111111111116,1.0,0.0,0.0,0.0,0.5087530298949636
0.38888888888888906,0.5,0.9999999999999998,0.11111111111111116,1.0,0.33333333333333337,0.0,0.0,0.5057904659305144
0.38888888888888906,0.5,0.9999999999999998,0.11111111111111116,1.0,0.6666666666666666,0.0,0.0,0.5087530298949636
0.38888888888888906,0.5,0.9999999999999998,0.11111111111111116,1.0,0.9999999999999999,0.0,0.0,0.49824939402100726
0.33333333333333326,0.583333333333333,0.0,1.0,0.0,0.0,0.0,0.0,0.0
0.33333333333333326,0.583333333333333,0.0,1.0,0.0,0.33333333333333337,0.0,0.0,0.007810395906275247
0.33333333333333326,0.583333333333333,0.0,1.0,0.0,0.6666666666666666,0.0,0.0,0.001077295987072402
0.33333333333333326,0.583333333333333,0.0,1.0,0.0,0.9999999999999999,0.0,0.0,0.007271747912738991
0.25,0.6666666666666665,0.1428571428571428,1.0,0.0,0.0,0.0,0.0,0.009964987880420106
0.25,0.6666666666666665,0.1428571428571428,1.0,0.0,0.33333333333333337,0.0,0.0,0.022084567734985183
0.25,0.6666666666666665,0.1428571428571428,1.0,0.0,0.6666666666666666,0.0,0.0,0.010503635873956363
0.25,0.6666666666666665,0.1428571428571428,1.0,0.0,0.9999999999999999,0.0,0.0,0.020737947751144625
0.19444444444444442,0.75,0.2857142857142856,1.0,0.0,0.0,0.0,0.0,0.022623215728521384
0.19444444444444442,0.75,0.2857142857142856,1.0,0.0,0.33333333333333337,0.0,0.0,0.030972259628332888
0.19444444444444442,0.75,0.2857142857142856,1.0,0.0,0.6666666666666666,0.0,0.0,0.022353891731753284
0.19444444444444442,0.75,0.2857142857142856,1.0,0.0,0.9999999999999999,0.0,0.0,0.027740371667115515
0.11111111111111116,0.833333333333333,0.4285714285714286,1.0,0.0,0.0,0.0,0.0,0.04039859951521679
0.11111111111111116,0.833333333333333,0.4285714285714286,1.0,0.0,0.33333333333333337,0.0,0.0,0.03582009157015892
0.11111111111111116,0.833333333333333,0.4285714285714286,1.0,0.0,0.6666666666666666,0.0,0.0,0.04039859951521679
0.11111111111111116,0.833333333333333,0.4285714285714286,1.0,0.0,0.9999999999999999,0.0,0.0,0.0333961755992459
0.05555555555555558,0.9166666666666665,0.5714285714285714,1.0,0.0,0.0,0.0,0.0,0.1583625100996499
0.05555555555555558,0.9166666666666665,0.5714285714285714,1.0,0.0,0.33333333333333337,0.0,0.0,0.1589011580931861
0.05555555555555558,0.9166666666666665,0.5714285714285714,1.0,0.0,0.6666666666666666,0.0,0.0,0.15755453810934555
0.05555555555555558,0.9166666666666665,0.5714285714285714,1.0,0.0,0.9999999999999999,0.0,0.0,0.1553999461352007
0.0,1.0,0.7142857142857142,1.0,0.0,0.0,0.0,0.0,0.03151090762186909
0.0,1.0,0.7142857142857142,1.0,0.0,0.33333333333333337,0.0,0.0,0.03555076757339082
0.0,1.0,0.7142857142857142,1.0,0.0,0.6666666666666666,0.0,0.0,0.03178023161863719
0.0,1.0,0.7142857142857142,1.0,0.0,0.9999999999999999,0.0,0.0,0.03070293563156473
0.9999999999999998,0.0,0.2857142857142856,0.0,1.0,0.0,0.25,0.2,0.41933746296795044
0.9999999999999998,0.0,0.2857142857142856,0.0,1.0,0.33333333333333337,0.25,0.2,0.4166442230002693
0.9999999999999998,0.0,0.2857142857142856,0.0,1.0,0.6666666666666666,0.25,0.2,0.4185294909776461
0.9999999999999998,0.0,0.2857142857142856,0.0,1.0,0.9999999999999999,0.25,0.2,0.4144896310261244
0.7777777777777779,0.16666666666666652,0.4285714285714286,0.11111111111111116,1.0,0.0,0.25,0.2,0.5930514408833827
0.7777777777777779,0.16666666666666652,0.4285714285714286,0.11111111111111116,1.0,0.33333333333333337,0.25,0.2,0.5109076218691087
0.7777777777777779,0.16666666666666652,0.4285714285714286,0.11111111111111116,1.0,0.6666666666666666,0.25,0.2,0.5030972259628332
0.7777777777777779,0.16666666666666652,0.4285714285714286,0.11111111111111116,1.0,0.9999999999999999,0.25,0.2,0.6310261244276865
0.6666666666666667,0.25,0.2857142857142856,0.33333333333333326,1.0,0.0,0.25,0.2,0.5383786695394559
0.6666666666666667,0.25,0.2857142857142856,0.33333333333333326,1.0,0.33333333333333337,0.25,0.2,0.39590627524912475
0.6666666666666667,0.25,0.2857142857142856,0.33333333333333326,1.0,0.6666666666666666,0.25,0.2,0.43441960678696473
0.6666666666666667,0.25,0.2857142857142856,0.33333333333333326,1.0,0.9999999999999999,0.25,0.2,0.5610018852679775
0.5555555555555556,0.33333333333333304,0.4285714285714286,0.33333333333333326,1.0,0.0,0.25,0.2,0.44196067869647176
0.5555555555555556,0.33333333333333304,0.4285714285714286,0.33333333333333326,1.0,0.33333333333333337,0.25,0.2,0.377322919472125
0.5555555555555556,0.33333333333333304,0.4285714285714286,0.33333333333333326,1.0,0.6666666666666666,0.25,0.2,0.3692431995690815
0.5555555555555556,0.33333333333333304,0.4285714285714286,0.33333333333333326,1.0,0.9999999999999999,0.25,0.2,0.4742795583086454
0.47222222222222254,0.4166666666666665,0.5714285714285714,0.33333333333333326,1.0,0.0,0.25,0.2,0.8289792620522489
0.47222222222222254,0.4166666666666665,0.5714285714285714,0.33333333333333326,1.0,0.33333333333333337,0.25,0.2,0.6566119041206571
0.47222222222222254,0.4166666666666665,0.5714285714285714,0.33333333333333326,1.0,0.6666666666666666,0.25,0.2,0.6337193643953676
0.47222222222222254,0.4166666666666665,0.5714285714285714,0.33333333333333326,1.0,0.9999999999999999,0.25,0.2,0.8734177215189873
0.38888888888888906,0.5,0.9999999999999998,0.11111111111111116,1.0,0.0,0.25,0.2,0.6186372205763533
0.38888888888888906,0.5,0.9999999999999998,0.11111111111111116,1.0,0.33333333333333337,0.25,0.2,0.6240237005117155
0.38888888888888906,0.5,0.9999999999999998,0.11111111111111116,1.0,0.6666666666666666,0.25,0.2,0.6259089684890924
0.38888888888888906,0.5,0.9999999999999998,0.11111111111111116,1.0,0.9999999999999999,0.25,0.2,0.613250740640991
0.33333333333333326,0.583333333333333,0.0,1.0,0.0,0.0,0.25,0.2,0.06813897118233231
0.33333333333333326,0.583333333333333,0.0,1.0,0.0,0.33333333333333337,0.25,0.2,0.07568004309183951
0.33333333333333326,0.583333333333333,0.0,1.0,0.0,0.6666666666666666,0.25,0.2,0.06948559116617292
0.33333333333333326,0.583333333333333,0.0,1.0,0.0,0.9999999999999999,0.25,0.2,0.07541071909507135
0.25,0.6666666666666665,0.1428571428571428,1.0,0.0,0.0,0.25,0.2,0.07810395906275253
0.25,0.6666666666666665,0.1428571428571428,1.0,0.0,0.33333333333333337,0.25,0.2,0.09103151090762185
0.25,0.6666666666666665,0.1428571428571428,1.0,0.0,0.6666666666666666,0.25,0.2,0.07998922704012923
0.25,0.6666666666666665,0.1428571428571428,1.0,0.0,0.9999999999999999,0.25,0.2,0.09076218691085375
0.19444444444444442,0.75,0.2857142857142856,1.0,0.0,0.0,0.25,0.2,0.09103151090762185
0.19444444444444442,0.75,0.2857142857142856,1.0,0.0,0.33333333333333337,0.25,0.2,0.09991920280096955
0.19444444444444442,0.75,0.2857142857142856,1.0,0.0,0.6666666666666666,0.25,0.2,0.0915701589011581
0.19444444444444442,0.75,0.2857142857142856,1.0,0.0,0.9999999999999999,0.25,0.2,0.09561001885267972
0.11111111111111116,0.833333333333333,0.4285714285714286,1.0,0.0,0.0,0.25,0.2,0.08079719903043359
0.11111111111111116,0.833333333333333,0.4285714285714286,1.0,0.0,0.33333333333333337,0.25,0.2,0.07594936708860761
0.11111111111111116,0.833333333333333,0.4285714285714286,1.0,0.0,0.6666666666666666,0.25,0.2,0.08025855103689739
0.11111111111111116,0.833333333333333,0.4285714285714286,1.0,0.0,0.9999999999999999,0.25,0.2,0.0740640991112308
0.05555555555555558,0.9166666666666665,0.5714285714285714,1.0,0.0,0.0,0.25,0.2,0.22811742526259088
0.05555555555555558,0.9166666666666665,0.5714285714285714,1.0,0.0,0.33333333333333337,0.25,0.2,0.2297333692431996
0.05555555555555558,0.9166666666666665,0.5714285714285714,1.0,0.0,0.6666666666666666,0.25,0.2,0.22730945327228652
0.05555555555555558,0.9166666666666665,0.5714285714285714,1.0,0.0,0.9999999999999999,0.25,0.2,0.22677080527875032
0.0,1.0,0.7142857142857142,1.0,0.0,0.0,0.25,0.2,0.09264745488823051
0.0,1.0,0.7142857142857142,1.0,0.0,0.33333333333333337,0.25,0.2,0.09695663883652034
0.0,1.0,0.7142857142857142,1.0,0.0,0.6666666666666666,0.25,0.2,0.0923781308914624
0.0,1.0,0.7142857142857142,1.0,0.0,0.9999999999999999,0.25,0.2,0.09076218691085375
0.9999999999999998,0.0,0.2857142857142856,0.0,1.0,0.0,0.25,0.4,0.40533261513600854
0.9999999999999998,0.0,0.2857142857142856,0.0,1.0,0.33333333333333337,0.25,0.4,0.396714247239429
0.9999999999999998,0.0,0.2857142857142856,0.0,1.0,0.6666666666666666,0.25,0.4,0.4101804470778346
0.9999999999999998,0.0,0.2857142857142856,0.0,1.0,0.9999999999999999,0.25,0.4,0.40371667115539994
0.7777777777777779,0.16666666666666652,0.4285714285714286,0.11111111111111116,1.0,0.0,0.25,0.4,0.5828171290061943
0.7777777777777779,0.16666666666666652,0.4285714285714286,0.11111111111111116,1.0,0.33333333333333337,0.25,0.4,0.4993266900080798
0.7777777777777779,0.16666666666666652,0.4285714285714286,0.11111111111111116,1.0,0.6666666666666666,0.25,0.4,0.49717209803393475
0.7777777777777779,0.16666666666666652,0.4285714285714286,0.11111111111111116,1.0,0.9999999999999999,0.25,0.4,0.6275249124697011
0.6666666666666667,0.25,0.2857142857142856,0.33333333333333326,1.0,0.0,0.25,0.4,0.5389173175329922
0.6666666666666667,0.25,0.2857142857142856,0.33333333333333326,1.0,0.33333333333333337,0.25,0.4,0.396714247239429
0.6666666666666667,0.25,0.2857142857142856,0.33333333333333326,1.0,0.6666666666666666,0.25,0.4,0.44330729868031243
0.6666666666666667,0.25,0.2857142857142856,0.33333333333333326,1.0,0.9999999999999999,0.25,0.4,0.5655803932130352
0.5555555555555556,0.33333333333333304,0.4285714285714286,0.33333333333333326,1.0,0.0,0.25,0.4,0.44384594667384863
0.5555555555555556,0.33333333333333304,0.4285714285714286,0.33333333333333326,1.0,0.33333333333333337,0.25,0.4,0.38028548343657415
0.5555555555555556,0.33333333333333304,0.4285714285714286,0.33333333333333326,1.0,0.6666666666666666,0.25,0.4,0.3743603555076757
0.5555555555555556,0.33333333333333304,0.4285714285714286,0.33333333333333326,1.0,0.9999999999999999,0.25,0.4,0.4818206302181524
0.47222222222222254,0.4166666666666665,0.5714285714285714,0.33333333333333326,1.0,0.0,0.25,0.4,0.8125504982493941
0.47222222222222254,0.4166666666666665,0.5714285714285714,0.33333333333333326,1.0,0.33333333333333337,0.25,0.4,0.6388365203339617
0.47222222222222254,0.4166666666666665,0.5714285714285714,0.33333333333333326,1.0,0.6666666666666666,0.25,0.4,0.6186372205763533
0.47222222222222254,0.4166666666666665,0.5714285714285714,0.33333333333333326,1.0,0.9999999999999999,0.25,0.4,0.860759493670886
0.38888888888888906,0.5,0.9999999999999998,0.11111111111111116,1.0,0.0,0.25,0.4,0.6197145165634257
0.38888888888888906,0.5,0.9999999999999998,0.11111111111111116,1.0,0.33333333333333337,0.25,0.4,0.6240237005117155
0.38888888888888906,0.5,0.9999999999999998,0.11111111111111116,1.0,0.6666666666666666,0.25,0.4,0.6267169404793966
0.38888888888888906,0.5,0.9999999999999998,0.11111111111111116,1.0,0.9999999999999999,0.25,0.4,0.6162133046054403
0.33333333333333326,0.583333333333333,0.0,1.0,0.0,0.0,0.25,0.4,0.0670616751952599
0.33333333333333326,0.583333333333333,0.0,1.0,0.0,0.33333333333333337,0.25,0.4,0.07594936708860761
0.33333333333333326,0.583333333333333,0.0,1.0,0.0,0.6666666666666666,0.25,0.4,0.07190950713708594
0.33333333333333326,0.583333333333333,0.0,1.0,0.0,0.9999999999999999,0.25,0.4,0.07783463506598437
0.25,0.6666666666666665,0.1428571428571428,1.0,0.0,0.0,0.25,0.4,0.074602747104767
0.25,0.6666666666666665,0.1428571428571428,1.0,0.0,0.33333333333333337,0.25,0.4,0.08645300296256392
0.25,0.6666666666666665,0.1428571428571428,1.0,0.0,0.6666666666666666,0.25,0.4,0.07810395906275253
0.25,0.6666666666666665,0.1428571428571428,1.0,0.0,0.9999999999999999,0.25,0.4,0.08914624293024509
0.19444444444444442,0.75,0.2857142857142856,1.0,0.0,0.0,0.25,0.4,0.06194451925666572
0.19444444444444442,0.75,0.2857142857142856,1.0,0.0,0.33333333333333337,0.25,0.4,0.07110153514678152
0.19444444444444442,0.75,0.2857142857142856,1.0,0.0,0.6666666666666666,0.25,0.4,0.06517640721788309
0.19444444444444442,0.75,0.2857142857142856,1.0,0.0,0.9999999999999999,0.25,0.4,0.07029356315647722
0.11111111111111116,0.833333333333333,0.4285714285714286,1.0,0.0,0.0,0.25,0.4,0.10665230272017234
0.11111111111111116,0.833333333333333,0.4285714285714286,1.0,0.0,0.33333333333333337,0.25,0.4,0.10368973875572313
0.11111111111111116,0.833333333333333,0.4285714285714286,1.0,0.0,0.6666666666666666,0.25,0.4,0.11042283867492592
0.11111111111111116,0.833333333333333,0.4285714285714286,1.0,0.0,0.9999999999999999,0.25,0.4,0.10342041475895503
0.05555555555555558,0.9166666666666665,0.5714285714285714,1.0,0.0,0.0,0.25,0.4,0.22434688930783736
0.05555555555555558,0.9166666666666665,0.5714285714285714,1.0,0.0,0.33333333333333337,0.25,0.4,0.22730945327228652
0.05555555555555558,0.9166666666666665,0.5714285714285714,1.0,0.0,0.6666666666666666,0.25,0.4,0.22677080527875032
0.05555555555555558,0.9166666666666665,0.5714285714285714,1.0,0.0,0.9999999999999999,0.25,0.4,0.22623215728521412
0.0,1.0,0.7142857142857142,1.0,0.0,0.0,0.25,0.4,0.09345542687853486
0.0,1.0,0.7142857142857142,1.0,0.0,0.33333333333333337,0.25,0.4,0.0988419068138971
0.0,1.0,0.7142857142857142,1.0,0.0,0.6666666666666666,0.25,0.4,0.09076218691085375
0.0,1.0,0.7142857142857142,1.0,0.0,0.9999999999999999,0.25,0.4,0.08995421492054939
0.9999999999999998,0.0,0.2857142857142856,0.0,1.0,0.0,0.25,0.6000000000000001,0.39806086722326955
0.9999999999999998,0.0,0.2857142857142856,0.0,1.0,0.33333333333333337,0.25,0.6000000000000001,0.4072178831133854
0.9999999999999998,0.0,0.2857142857142856,0.0,1.0,0.6666666666666666,0.25,0.6000000000000001,0.4023700511715594
0.9999999999999998,0.0,0.2857142857142856,0.0,1.0,0.9999999999999999,0.25,0.6000000000000001,0.41044977107460273
0.7777777777777779,0.16666666666666652,0.4285714285714286,0.11111111111111116,1.0,0.0,0.25,0.6000000000000001,0.6259089684890924
0.7777777777777779,0.16666666666666652,0.4285714285714286,0.11111111111111116,1.0,0.33333333333333337,0.25,0.6000000000000001,0.591166172906006
0.7777777777777779,0.16666666666666652,0.4285714285714286,0.11111111111111116,1.0,0.6666666666666666,0.25,0.6000000000000001,0.5165634258012388
0.7777777777777779,0.16666666666666652,0.4285714285714286,0.11111111111111116,1.0,0.9999999999999999,0.25,0.6000000000000001,0.5055211419337464
0.6666666666666667,0.25,0.2857142857142856,0.33333333333333326,1.0,0.0,0.25,0.6000000000000001,0.5610018852679775
0.6666666666666667,0.25,0.2857142857142856,0.33333333333333326,1.0,0.33333333333333337,0.25,0.6000000000000001,0.5416105575006733
0.6666666666666667,0.25,0.2857142857142856,0.33333333333333326,1.0,0.6666666666666666,0.25,0.6000000000000001,0.403985995152168
0.6666666666666667,0.25,0.2857142857142856,0.33333333333333326,1.0,0.9999999999999999,0.25,0.6000000000000001,0.44438459466738484
0.5555555555555556,0.33333333333333304,0.4285714285714286,0.33333333333333326,1.0,0.0,0.25,0.6000000000000001,0.47885806625370314
0.5555555555555556,0.33333333333333304,0.4285714285714286,0.33333333333333326,1.0,0.33333333333333337,0.25,0.6000000000000001,0.44815513062213835
0.5555555555555556,0.33333333333333304,0.4285714285714286,0.33333333333333326,1.0,0.6666666666666666,0.25,0.6000000000000001,0.38917317532992196
0.5555555555555556,0.33333333333333304,0.4285714285714286,0.33333333333333326,1.0,0.9999999999999999,0.25,0.6000000000000001,0.3778615674656612
0.47222222222222254,0.4166666666666665,0.5714285714285714,0.33333333333333326,1.0,0.0,0.25,0.6000000000000001,0.867761917586857
0.47222222222222254,0.4166666666666665,0.5714285714285714,0.33333333333333326,1.0,0.33333333333333337,0.25,0.6000000000000001,0.8165903582009157
0.47222222222222254,0.4166666666666665,0.5714285714285714,0.33333333333333326,1.0,0.6666666666666666,0.25,0.6000000000000001,0.6517640721788311
0.47222222222222254,0.4166666666666665,0.5714285714285714,0.33333333333333326,1.0,0.9999999999999999,0.25,0.6000000000000001,0.6299488284406141
0.38888888888888906,0.5,0.9999999999999998,0.11111111111111116,1.0,0.0,0.25,0.6000000000000001,0.6180985725828172
0.38888888888888906,0.5,0.9999999999999998,0.11111111111111116,1.0,0.33333333333333337,0.25,0.6000000000000001,0.6251009964987879
0.38888888888888906,0.5,0.9999999999999998,0.11111111111111116,1.0,0.6666666666666666,0.25,0.6000000000000001,0.6350659843792081
0.38888888888888906,0.5,0.9999999999999998,0.11111111111111116,1.0,0.9999999999999999,0.25,0.6000000000000001,0.6356046323727444
0.33333333333333326,0.583333333333333,0.0,1.0,0.0,0.0,0.25,0.6000000000000001,0.07271747912739024
0.33333333333333326,0.583333333333333,0.0,1.0,0.0,0.33333333333333337,0.25,0.6000000000000001,0.06625370320495555
0.33333333333333326,0.583333333333333,0.0,1.0,0.0,0.6666666666666666,0.25,0.6000000000000001,0.0740640991112308
0.33333333333333326,0.583333333333333,0.0,1.0,0.0,0.9999999999999999,0.25,0.6000000000000001,0.06975491516294102
0.25,0.6666666666666665,0.1428571428571428,1.0,0.0,0.0,0.25,0.6000000000000001,0.08726097495286833
0.25,0.6666666666666665,0.1428571428571428,1.0,0.0,0.33333333333333337,0.25,0.6000000000000001,0.07729598707244811
0.25,0.6666666666666665,0.1428571428571428,1.0,0.0,0.6666666666666666,0.25,0.6000000000000001,0.0915701589011581
0.25,0.6666666666666665,0.1428571428571428,1.0,0.0,0.9999999999999999,0.25,0.6000000000000001,0.07998922704012923
0.19444444444444442,0.75,0.2857142857142856,1.0,0.0,0.0,0.25,0.6000000000000001,0.09534069485591162
0.19444444444444442,0.75,0.2857142857142856,1.0,0.0,0.33333333333333337,0.25,0.6000000000000001,0.09076218691085375
0.19444444444444442,0.75,0.2857142857142856,1.0,0.0,0.6666666666666666,0.25,0.6000000000000001,0.10153514678157821
0.19444444444444442,0.75,0.2857142857142856,1.0,0.0,0.9999999999999999,0.25,0.6000000000000001,0.09426339886883922
0.11111111111111116,0.833333333333333,0.4285714285714286,1.0,0.0,0.0,0.25,0.6000000000000001,0.06894694317263672
0.11111111111111116,0.833333333333333,0.4285714285714286,1.0,0.0,0.33333333333333337,0.25,0.6000000000000001,0.07541071909507135
0.11111111111111116,0.833333333333333,0.4285714285714286,1.0,0.0,0.6666666666666666,0.25,0.6000000000000001,0.07244815513062214
0.11111111111111116,0.833333333333333,0.4285714285714286,1.0,0.0,0.9999999999999999,0.25,0.6000000000000001,0.07891193105305683
0.05555555555555558,0.9166666666666665,0.5714285714285714,1.0,0.0,0.0,0.25,0.6000000000000001,0.2219229733369243
0.05555555555555558,0.9166666666666665,0.5714285714285714,1.0,0.0,0.33333333333333337,0.25,0.6000000000000001,0.2230002693239968
0.05555555555555558,0.9166666666666665,0.5714285714285714,1.0,0.0,0.6666666666666666,0.25,0.6000000000000001,0.22811742526259088
0.05555555555555558,0.9166666666666665,0.5714285714285714,1.0,0.0,0.9999999999999999,0.25,0.6000000000000001,0.22596283328844596
0.0,1.0,0.7142857142857142,1.0,0.0,0.0,0.25,0.6000000000000001,0.08591435496902772
0.0,1.0,0.7142857142857142,1.0,0.0,0.33333333333333337,0.25,0.6000000000000001,0.08968489092378129
0.0,1.0,0.7142857142857142,1.0,0.0,0.6666666666666666,0.25,0.6000000000000001,0.08726097495286833
0.0,1.0,0.7142857142857142,1.0,0.0,0.9999999999999999,0.25,0.6000000000000001,0.08052787503366549
0.9999999999999998,0.0,0.2857142857142856,0.0,1.0,0.0,0.25,0.8,0.40425531914893614
0.9999999999999998,0.0,0.2857142857142856,0.0,1.0,0.33333333333333337,0.25,0.8,0.39913816321034196
0.9999999999999998,0.0,0.2857142857142856,0.0,1.0,0.6666666666666666,0.25,0.8,0.41152706706167513
0.9999999999999998,0.0,0.2857142857142856,0.0,1.0,0.9999999999999999,0.25,0.8,0.40317802316186374
0.7777777777777779,0.16666666666666652,0.4285714285714286,0.11111111111111116,1.0,0.0,0.25,0.8,0.49663345004039855
0.7777777777777779,0.16666666666666652,0.4285714285714286,0.11111111111111116,1.0,0.33333333333333337,0.25,0.8,0.6197145165634257
0.7777777777777779,0.16666666666666652,0.4285714285714286,0.11111111111111116,1.0,0.6666666666666666,0.25,0.8,0.5906275249124697
0.7777777777777779,0.16666666666666652,0.4285714285714286,0.11111111111111116,1.0,0.9999999999999999,0.25,0.8,0.5122542418529492
0.6666666666666667,0.25,0.2857142857142856,0.33333333333333326,1.0,0.0,0.25,0.8,0.43819014274171836
0.6666666666666667,0.25,0.2857142857142856,0.33333333333333326,1.0,0.33333333333333337,0.25,0.8,0.5618098572582817
0.6666666666666667,0.25,0.2857142857142856,0.33333333333333326,1.0,0.6666666666666666,0.25,0.8,0.5429571774845139
0.6666666666666667,0.25,0.2857142857142856,0.33333333333333326,1.0,0.9999999999999999,0.25,0.8,0.401562079181255
0.5555555555555556,0.33333333333333304,0.4285714285714286,0.33333333333333326,1.0,0.0,0.25,0.8,0.3692431995690815
0.5555555555555556,0.33333333333333304,0.4285714285714286,0.33333333333333326,1.0,0.33333333333333337,0.25,0.8,0.4769727982763264
0.5555555555555556,0.33333333333333304,0.4285714285714286,0.33333333333333326,1.0,0.6666666666666666,0.25,0.8,0.4489631026124427
0.5555555555555556,0.33333333333333304,0.4285714285714286,0.33333333333333326,1.0,0.9999999999999999,0.25,0.8,0.3840560193913278
0.47222222222222254,0.4166666666666665,0.5714285714285714,0.33333333333333326,1.0,0.0,0.25,0.8,0.6288715324535417
0.47222222222222254,0.4166666666666665,0.5714285714285714,0.33333333333333326,1.0,0.33333333333333337,0.25,0.8,0.8726097495286829
0.47222222222222254,0.4166666666666665,0.5714285714285714,0.33333333333333326,1.0,0.6666666666666666,0.25,0.8,0.8338270939940748
0.47222222222222254,0.4166666666666665,0.5714285714285714,0.33333333333333326,1.0,0.9999999999999999,0.25,0.8,0.6568812281174252
0.38888888888888906,0.5,0.9999999999999998,0.11111111111111116,1.0,0.0,0.25,0.8,0.6251009964987879
0.38888888888888906,0.5,0.9999999999999998,0.11111111111111116,1.0,0.33333333333333337,0.25,0.8,0.6119041206571505
0.38888888888888906,0.5,0.9999999999999998,0.11111111111111116,1.0,0.6666666666666666,0.25,0.8,0.6191758685698896
0.38888888888888906,0.5,0.9999999999999998,0.11111111111111116,1.0,0.9999999999999999,0.25,0.8,0.6234850525181792
0.33333333333333326,0.583333333333333,0.0,1.0,0.0,0.0,0.25,0.8,0.06194451925666572
0.33333333333333326,0.583333333333333,0.0,1.0,0.0,0.33333333333333337,0.25,0.8,0.06625370320495555
0.33333333333333326,0.583333333333333,0.0,1.0,0.0,0.6666666666666666,0.25,0.8,0.062213843253433876
0.33333333333333326,0.583333333333333,0.0,1.0,0.0,0.9999999999999999,0.25,0.8,0.07083221115001342
0.25,0.6666666666666665,0.1428571428571428,1.0,0.0,0.0,0.25,0.8,0.074602747104767
0.25,0.6666666666666665,0.1428571428571428,1.0,0.0,0.33333333333333337,0.25,0.8,0.08672232695933202
0.25,0.6666666666666665,0.1428571428571428,1.0,0.0,0.6666666666666666,0.25,0.8,0.07783463506598437
0.25,0.6666666666666665,0.1428571428571428,1.0,0.0,0.9999999999999999,0.25,0.8,0.08887691893347693
0.19444444444444442,0.75,0.2857142857142856,1.0,0.0,0.0,0.25,0.8,0.09130083490438995
0.19444444444444442,0.75,0.2857142857142856,1.0,0.0,0.33333333333333337,0.25,0.8,0.09668731483975224
0.19444444444444442,0.75,0.2857142857142856,1.0,0.0,0.6666666666666666,0.25,0.8,0.09480204686237542
0.19444444444444442,0.75,0.2857142857142856,1.0,0.0,0.9999999999999999,0.25,0.8,0.10315109076218693
0.11111111111111116,0.833333333333333,0.4285714285714286,1.0,0.0,0.0,0.25,0.8,0.10665230272017234
0.11111111111111116,0.833333333333333,0.4285714285714286,1.0,0.0,0.33333333333333337,0.25,0.8,0.10153514678157821
0.11111111111111116,0.833333333333333,0.4285714285714286,1.0,0.0,0.6666666666666666,0.25,0.8,0.11042283867492592
0.11111111111111116,0.833333333333333,0.4285714285714286,1.0,0.0,0.9999999999999999,0.25,0.8,0.10584433072986804
0.05555555555555558,0.9166666666666665,0.5714285714285714,1.0,0.0,0.0,0.25,0.8,0.2246162133046054
0.05555555555555558,0.9166666666666665,0.5714285714285714,1.0,0.0,0.33333333333333337,0.25,0.8,0.22488553730137356
0.05555555555555558,0.9166666666666665,0.5714285714285714,1.0,0.0,0.6666666666666666,0.25,0.8,0.22946404524643155
0.05555555555555558,0.9166666666666665,0.5714285714285714,1.0,0.0,0.9999999999999999,0.25,0.8,0.23107998922704015
0.0,1.0,0.7142857142857142,1.0,0.0,0.0,0.25,0.8,0.09345542687853486
0.0,1.0,0.7142857142857142,1.0,0.0,0.33333333333333337,0.25,0.8,0.09264745488823051
0.0,1.0,0.7142857142857142,1.0,0.0,0.6666666666666666,0.25,0.8,0.09103151090762185
0.0,1.0,0.7142857142857142,1.0,0.0,0.9999999999999999,0.25,0.8,0.09614866684621598
0.9999999999999998,0.0,0.2857142857142856,0.0,1.0,0.0,0.25,1.0,0.39698357123619715
0.9999999999999998,0.0,0.2857142857142856,0.0,1.0,0.33333333333333337,0.25,1.0,0.4061405871263129
0.9999999999999998,0.0,0.2857142857142856,0.0,1.0,0.6666666666666666,0.25,1.0,0.4034473471586318
0.9999999999999998,0.0,0.2857142857142856,0.0,1.0,0.9999999999999999,0.25,1.0,0.41152706706167513
0.7777777777777779,0.16666666666666652,0.4285714285714286,0.11111111111111116,1.0,0.0,0.25,1.0,0.5095610018852679
0.7777777777777779,0.16666666666666652,0.4285714285714286,0.11111111111111116,1.0,0.33333333333333337,0.25,1.0,0.5014812819822245
0.7777777777777779,0.16666666666666652,0.4285714285714286,0.11111111111111116,1.0,0.6666666666666666,0.25,1.0,0.6342580123889039
0.7777777777777779,0.16666666666666652,0.4285714285714286,0.11111111111111116,1.0,0.9999999999999999,0.25,1.0,0.5954753568542956
0.6666666666666667,0.25,0.2857142857142856,0.33333333333333326,1.0,0.0,0.25,1.0,0.4018314031780232
0.6666666666666667,0.25,0.2857142857142856,0.33333333333333326,1.0,0.33333333333333337,0.25,1.0,0.44249932669000797
0.6666666666666667,0.25,0.2857142857142856,0.33333333333333326,1.0,0.6666666666666666,0.25,1.0,0.5693509291677887
0.6666666666666667,0.25,0.2857142857142856,0.33333333333333326,1.0,0.9999999999999999,0.25,1.0,0.5488823054134124
0.5555555555555556,0.33333333333333304,0.4285714285714286,0.33333333333333326,1.0,0.0,0.25,1.0,0.3827093994074872
0.5555555555555556,0.33333333333333304,0.4285714285714286,0.33333333333333326,1.0,0.33333333333333337,0.25,1.0,0.37355238351737136
0.5555555555555556,0.33333333333333304,0.4285714285714286,0.33333333333333326,1.0,0.6666666666666666,0.25,1.0,0.4842445461890654
0.5555555555555556,0.33333333333333304,0.4285714285714286,0.33333333333333326,1.0,0.9999999999999999,0.25,1.0,0.45219499057366014
0.47222222222222254,0.4166666666666665,0.5714285714285714,0.33333333333333326,1.0,0.0,0.25,1.0,0.6488015082143819
0.47222222222222254,0.4166666666666665,0.5714285714285714,0.33333333333333326,1.0,0.33333333333333337,0.25,1.0,0.6269862644761648
0.47222222222222254,0.4166666666666665,0.5714285714285714,0.33333333333333326,1.0,0.6666666666666666,0.25,1.0,0.8683005655803933
0.47222222222222254,0.4166666666666665,0.5714285714285714,0.33333333333333326,1.0,0.9999999999999999,0.25,1.0,0.8176676541879881
0.38888888888888906,0.5,0.9999999999999998,0.11111111111111116,1.0,0.0,0.25,1.0,0.6288715324535417
0.38888888888888906,0.5,0.9999999999999998,0.11111111111111116,1.0,0.33333333333333337,0.25,1.0,0.6315647724212228
0.38888888888888906,0.5,0.9999999999999998,0.11111111111111116,1.0,0.6666666666666666,0.25,1.0,0.6124427686506868
0.38888888888888906,0.5,0.9999999999999998,0.11111111111111116,1.0,0.9999999999999999,0.25,1.0,0.6189065445731214
0.33333333333333326,0.583333333333333,0.0,1.0,0.0,0.0,0.25,1.0,0.0740640991112308
0.33333333333333326,0.583333333333333,0.0,1.0,0.0,0.33333333333333337,0.25,1.0,0.06840829517910041
0.33333333333333326,0.583333333333333,0.0,1.0,0.0,0.6666666666666666,0.25,1.0,0.07594936708860761
0.33333333333333326,0.583333333333333,0.0,1.0,0.0,0.9999999999999999,0.25,1.0,0.07002423915970912
0.25,0.6666666666666665,0.1428571428571428,1.0,0.0,0.0,0.25,1.0,0.08833827093994073
0.25,0.6666666666666665,0.1428571428571428,1.0,0.0,0.33333333333333337,0.25,1.0,0.07675733907891191
0.25,0.6666666666666665,0.1428571428571428,1.0,0.0,0.6666666666666666,0.25,1.0,0.09049286291408565
0.25,0.6666666666666665,0.1428571428571428,1.0,0.0,0.9999999999999999,0.25,1.0,0.08052787503366549
0.19444444444444442,0.75,0.2857142857142856,1.0,0.0,0.0,0.25,1.0,0.0983032588203609
0.19444444444444442,0.75,0.2857142857142856,1.0,0.0,0.33333333333333337,0.25,1.0,0.09103151090762185
0.19444444444444442,0.75,0.2857142857142856,1.0,0.0,0.6666666666666666,0.25,1.0,0.09587934284944788
0.19444444444444442,0.75,0.2857142857142856,1.0,0.0,0.9999999999999999,0.25,1.0,0.09399407487207112
0.11111111111111116,0.833333333333333,0.4285714285714286,1.0,0.0,0.0,0.25,1.0,0.09803393482359274
0.11111111111111116,0.833333333333333,0.4285714285714286,1.0,0.0,0.33333333333333337,0.25,1.0,0.10530568273633178
0.11111111111111116,0.833333333333333,0.4285714285714286,1.0,0.0,0.6666666666666666,0.25,1.0,0.10099649878804201
0.11111111111111116,0.833333333333333,0.4285714285714286,1.0,0.0,0.9999999999999999,0.25,1.0,0.10692162671694044
0.05555555555555558,0.9166666666666665,0.5714285714285714,1.0,0.0,0.0,0.25,1.0,0.2246162133046054
0.05555555555555558,0.9166666666666665,0.5714285714285714,1.0,0.0,0.33333333333333337,0.25,1.0,0.2230002693239968
0.05555555555555558,0.9166666666666665,0.5714285714285714,1.0,0.0,0.6666666666666666,0.25,1.0,0.22515486129814172
0.05555555555555558,0.9166666666666665,0.5714285714285714,1.0,0.0,0.9999999999999999,0.25,1.0,0.22596283328844596
0.0,1.0,0.7142857142857142,1.0,0.0,0.0,0.25,1.0,0.08995421492054939
0.0,1.0,0.7142857142857142,1.0,0.0,0.33333333333333337,0.25,1.0,0.0826824670078104
0.0,1.0,0.7142857142857142,1.0,0.0,0.6666666666666666,0.25,1.0,0.0832211150013466
0.0,1.0,0.7142857142857142,1.0,0.0,0.9999999999999999,0.25,1.0,0.08753029894963643
0.9999999999999998,0.0,0.2857142857142856,0.0,1.0,0.0,0.625,0.2,0.5087530298949636
0.9999999999999998,0.0,0.2857142857142856,0.0,1.0,0.33333333333333337,0.625,0.2,0.5087530298949636
0.9999999999999998,0.0,0.2857142857142856,0.0,1.0,0.6666666666666666,0.625,0.2,0.49501750605978995
0.9999999999999998,0.0,0.2857142857142856,0.0,1.0,0.9999999999999999,0.625,0.2,0.5006733099919203
0.7777777777777779,0.16666666666666652,0.4285714285714286,0.11111111111111116,1.0,0.0,0.625,0.2,0.6792351198491784
0.7777777777777779,0.16666666666666652,0.4285714285714286,0.11111111111111116,1.0,0.33333333333333337,0.625,0.2,0.5997845408025855
0.7777777777777779,0.16666666666666652,0.4285714285714286,0.11111111111111116,1.0,0.6666666666666666,0.625,0.2,0.5873956369512523
0.7777777777777779,0.16666666666666652,0.4285714285714286,0.11111111111111116,1.0,0.9999999999999999,0.625,0.2,0.718556423377323
0.6666666666666667,0.25,0.2857142857142856,0.33333333333333326,1.0,0.0,0.625,0.2,0.6215997845408026
0.6666666666666667,0.25,0.2857142857142856,0.33333333333333326,1.0,0.33333333333333337,0.625,0.2,0.4769727982763264
0.6666666666666667,0.25,0.2857142857142856,0.33333333333333326,1.0,0.6666666666666666,0.625,0.2,0.5176407217883114
0.6666666666666667,0.25,0.2857142857142856,0.33333333333333326,1.0,0.9999999999999999,0.625,0.2,0.6417990842984109
0.5555555555555556,0.33333333333333304,0.4285714285714286,0.33333333333333326,1.0,0.0,0.625,0.2,0.518987341772152
0.5555555555555556,0.33333333333333304,0.4285714285714286,0.33333333333333326,1.0,0.33333333333333337,0.625,0.2,0.4562348505251818
0.5555555555555556,0.33333333333333304,0.4285714285714286,0.33333333333333326,1.0,0.6666666666666666,0.625,0.2,0.44034473471586316
0.5555555555555556,0.33333333333333304,0.4285714285714286,0.33333333333333326,1.0,0.9999999999999999,0.625,0.2,0.5518448693778615
0.47222222222222254,0.4166666666666665,0.5714285714285714,0.33333333333333326,1.0,0.0,0.625,0.2,0.8860759493670887
0.47222222222222254,0.4166666666666665,0.5714285714285714,0.33333333333333326,1.0,0.33333333333333337,0.625,0.2,0.7247508753029896
0.47222222222222254,0.4166666666666665,0.5714285714285714,0.33333333333333326,1.0,0.6666666666666666,0.625,0.2,0.6988957716132507
0.47222222222222254,0.4166666666666665,0.5714285714285714,0.33333333333333326,1.0,0.9999999999999999,0.625,0.2,0.932399676811204
0.38888888888888906,0.5,0.9999999999999998,0.11111111111111116,1.0,0.0,0.625,0.2,0.6988957716132507
0.38888888888888906,0.5,0.9999999999999998,0.11111111111111116,1.0,0.33333333333333337,0.625,0.2,0.718556423377323
0.38888888888888906,0.5,0.9999999999999998,0.11111111111111116,1.0,0.6666666666666666,0.625,0.2,0.7150552114193376
0.38888888888888906,0.5,0.9999999999999998,0.11111111111111116,1.0,0.9999999999999999,0.625,0.2,0.692701319687584
0.33333333333333326,0.583333333333333,0.0,1.0,0.0,0.0,0.625,0.2,0.11553999461352005
0.33333333333333326,0.583333333333333,0.0,1.0,0.0,0.33333333333333337,0.625,0.2,0.12388903851333155
0.33333333333333326,0.583333333333333,0.0,1.0,0.0,0.6666666666666666,0.625,0.2,0.11796391058443306
0.33333333333333326,0.583333333333333,0.0,1.0,0.0,0.9999999999999999,0.625,0.2,0.12388903851333155
0.25,0.6666666666666665,0.1428571428571428,1.0,0.0,0.0,0.625,0.2,0.12173444653918664
0.25,0.6666666666666665,0.1428571428571428,1.0,0.0,0.33333333333333337,0.625,0.2,0.13331537840021546
0.25,0.6666666666666665,0.1428571428571428,1.0,0.0,0.6666666666666666,0.625,0.2,0.12227309453272284
0.25,0.6666666666666665,0.1428571428571428,1.0,0.0,0.9999999999999999,0.625,0.2,0.132238082413143
0.19444444444444442,0.75,0.2857142857142856,1.0,0.0,0.0,0.625,0.2,0.1160786426070563
0.19444444444444442,0.75,0.2857142857142856,1.0,0.0,0.33333333333333337,0.625,0.2,0.12739025047131702
0.19444444444444442,0.75,0.2857142857142856,1.0,0.0,0.6666666666666666,0.625,0.2,0.1233503905197953
0.19444444444444442,0.75,0.2857142857142856,1.0,0.0,0.9999999999999999,0.625,0.2,0.13143011042283864
0.11111111111111116,0.833333333333333,0.4285714285714286,1.0,0.0,0.0,0.625,0.2,0.1478588742256935
0.11111111111111116,0.833333333333333,0.4285714285714286,1.0,0.0,0.33333333333333337,0.625,0.2,0.14462698626447612
0.11111111111111116,0.833333333333333,0.4285714285714286,1.0,0.0,0.6666666666666666,0.625,0.2,0.1478588742256935
0.11111111111111116,0.833333333333333,0.4285714285714286,1.0,0.0,0.9999999999999999,0.625,0.2,0.14247239429033132
0.05555555555555558,0.9166666666666665,0.5714285714285714,1.0,0.0,0.0,0.625,0.2,0.27551844869377856
0.05555555555555558,0.9166666666666665,0.5714285714285714,1.0,0.0,0.33333333333333337,0.625,0.2,0.2771343926743873
0.05555555555555558,0.9166666666666665,0.5714285714285714,1.0,0.0,0.6666666666666666,0.625,0.2,0.27444115270670616
0.05555555555555558,0.9166666666666665,0.5714285714285714,1.0,0.0,0.9999999999999999,0.625,0.2,0.274171828709938
0.0,1.0,0.7142857142857142,1.0,0.0,0.0,0.625,0.2,0.13116078642607054
0.0,1.0,0.7142857142857142,1.0,0.0,0.33333333333333337,0.625,0.2,0.13600861836789657
0.0,1.0,0.7142857142857142,1.0,0.0,0.6666666666666666,0.625,0.2,0.13116078642607054
0.0,1.0,0.7142857142857142,1.0,0.0,0.9999999999999999,0.625,0.2,0.13089146242930244
0.9999999999999998,0.0,0.2857142857142856,0.0,1.0,0.0,0.625,0.4,0.5041745219499056
0.9999999999999998,0.0,0.2857142857142856,0.0,1.0,0.33333333333333337,0.625,0.4,0.5060597899272825
0.9999999999999998,0.0,0.2857142857142856,0.0,1.0,0.6666666666666666,0.625,0.4,0.5192566657689199
0.9999999999999998,0.0,0.2857142857142856,0.0,1.0,0.9999999999999999,0.625,0.4,0.5149474818206301
0.7777777777777779,0.16666666666666652,0.4285714285714286,0.11111111111111116,1.0,0.0,0.625,0.4,0.6641529760301643
0.7777777777777779,0.16666666666666652,0.4285714285714286,0.11111111111111116,1.0,0.33333333333333337,0.625,0.4,0.5855103689738757
0.7777777777777779,0.16666666666666652,0.4285714285714286,0.11111111111111116,1.0,0.6666666666666666,0.625,0.4,0.589011580931861
0.7777777777777779,0.16666666666666652,0.4285714285714286,0.11111111111111116,1.0,0.9999999999999999,0.625,0.4,0.7223269593320765
0.6666666666666667,0.25,0.2857142857142856,0.33333333333333326,1.0,0.0,0.625,0.4,0.6051710207379477
0.6666666666666667,0.25,0.2857142857142856,0.33333333333333326,1.0,0.33333333333333337,0.625,0.4,0.45758147050902237
0.6666666666666667,0.25,0.2857142857142856,0.33333333333333326,1.0,0.6666666666666666,0.625,0.4,0.5117155938594129
0.6666666666666667,0.25,0.2857142857142856,0.33333333333333326,1.0,0.9999999999999999,0.625,0.4,0.6361432803662808
0.5555555555555556,0.33333333333333304,0.4285714285714286,0.33333333333333326,1.0,0.0,0.625,0.4,0.46781578238621063
0.5555555555555556,0.33333333333333304,0.4285714285714286,0.33333333333333326,1.0,0.33333333333333337,0.625,0.4,0.43253433880958797
0.5555555555555556,0.33333333333333304,0.4285714285714286,0.33333333333333326,1.0,0.6666666666666666,0.625,0.4,0.4260705628871532
0.5555555555555556,0.33333333333333304,0.4285714285714286,0.33333333333333326,1.0,0.9999999999999999,0.625,0.4,0.5111769458658766
0.47222222222222254,0.4166666666666665,0.5714285714285714,0.33333333333333326,1.0,0.0,0.625,0.4,0.8876918933476974
0.47222222222222254,0.4166666666666665,0.5714285714285714,0.33333333333333326,1.0,0.33333333333333337,0.625,0.4,0.713977915432265
0.47222222222222254,0.4166666666666665,0.5714285714285714,0.33333333333333326,1.0,0.6666666666666666,0.625,0.4,0.6967411796391059
0.47222222222222254,0.4166666666666665,0.5714285714285714,0.33333333333333326,1.0,0.9999999999999999,0.625,0.4,0.944519256665769
0.38888888888888906,0.5,0.9999999999999998,0.11111111111111116,1.0,0.0,0.625,0.4,0.699434419606787
0.38888888888888906,0.5,0.9999999999999998,0.11111111111111116,1.0,0.33333333333333337,0.625,0.4,0.7123619714516565
0.38888888888888906,0.5,0.9999999999999998,0.11111111111111116,1.0,0.6666666666666666,0.625,0.4,0.7104767034742796
0.38888888888888906,0.5,0.9999999999999998,0.11111111111111116,1.0,0.9999999999999999,0.625,0.4,0.6978184756261783
0.33333333333333326,0.583333333333333,0.0,1.0,0.0,0.0,0.625,0.4,0.10315109076218693
0.33333333333333326,0.583333333333333,0.0,1.0,0.0,0.33333333333333337,0.625,0.4,0.11311607864260703
0.33333333333333326,0.583333333333333,0.0,1.0,0.0,0.6666666666666666,0.625,0.4,0.11527067061675195
0.33333333333333326,0.583333333333333,0.0,1.0,0.0,0.9999999999999999,0.625,0.4,0.12227309453272284
0.25,0.6666666666666665,0.1428571428571428,1.0,0.0,0.0,0.625,0.4,0.1079989227040129
0.25,0.6666666666666665,0.1428571428571428,1.0,0.0,0.33333333333333337,0.625,0.4,0.12119579854565043
0.25,0.6666666666666665,0.1428571428571428,1.0,0.0,0.6666666666666666,0.625,0.4,0.10880689469431726
0.25,0.6666666666666665,0.1428571428571428,1.0,0.0,0.9999999999999999,0.625,0.4,0.11904120657150552
0.19444444444444442,0.75,0.2857142857142856,1.0,0.0,0.0,0.625,0.4,0.12442768650686775
0.19444444444444442,0.75,0.2857142857142856,1.0,0.0,0.33333333333333337,0.625,0.4,0.13331537840021546
0.19444444444444442,0.75,0.2857142857142856,1.0,0.0,0.6666666666666666,0.625,0.4,0.12819822246162133
0.19444444444444442,0.75,0.2857142857142856,1.0,0.0,0.9999999999999999,0.625,0.4,0.13708591435496903
0.11111111111111116,0.833333333333333,0.4285714285714286,1.0,0.0,0.0,0.625,0.4,0.1343926743872879
0.11111111111111116,0.833333333333333,0.4285714285714286,1.0,0.0,0.33333333333333337,0.625,0.4,0.13331537840021546
0.11111111111111116,0.833333333333333,0.4285714285714286,1.0,0.0,0.6666666666666666,0.625,0.4,0.14328036628063556
0.11111111111111116,0.833333333333333,0.4285714285714286,1.0,0.0,0.9999999999999999,0.625,0.4,0.13385402639375166
0.05555555555555558,0.9166666666666665,0.5714285714285714,1.0,0.0,0.0,0.625,0.4,0.25774306490708315
0.05555555555555558,0.9166666666666665,0.5714285714285714,1.0,0.0,0.33333333333333337,0.625,0.4,0.2601669808779962
0.05555555555555558,0.9166666666666665,0.5714285714285714,1.0,0.0,0.6666666666666666,0.625,0.4,0.2580123889038513
0.05555555555555558,0.9166666666666665,0.5714285714285714,1.0,0.0,0.9999999999999999,0.625,0.4,0.25666576892001075
0.0,1.0,0.7142857142857142,1.0,0.0,0.0,0.625,0.4,0.11904120657150552
0.0,1.0,0.7142857142857142,1.0,0.0,0.33333333333333337,0.625,0.4,0.12765957446808512
0.0,1.0,0.7142857142857142,1.0,0.0,0.6666666666666666,0.625,0.4,0.11419337462967949
0.0,1.0,0.7142857142857142,1.0,0.0,0.9999999999999999,0.625,0.4,0.11850255857796932
0.9999999999999998,0.0,0.2857142857142856,0.0,1.0,0.0,0.625,0.6000000000000001,0.4990573660113116
0.9999999999999998,0.0,0.2857142857142856,0.0,1.0,0.33333333333333337,0.625,0.6000000000000001,0.5084837058981955
0.9999999999999998,0.0,0.2857142857142856,0.0,1.0,0.6666666666666666,0.625,0.6000000000000001,0.5171020737947751
0.9999999999999998,0.0,0.2857142857142856,0.0,1.0,0.9999999999999999,0.625,0.6000000000000001,0.5195259897656881
0.7777777777777779,0.16666666666666652,0.4285714285714286,0.11111111111111116,1.0,0.0,0.625,0.6000000000000001,0.6854295717748451
0.7777777777777779,0.16666666666666652,0.4285714285714286,0.11111111111111116,1.0,0.33333333333333337,0.625,0.6000000000000001,0.6517640721788311
0.7777777777777779,0.16666666666666652,0.4285714285714286,0.11111111111111116,1.0,0.6666666666666666,0.625,0.6000000000000001,0.5906275249124697
0.7777777777777779,0.16666666666666652,0.4285714285714286,0.11111111111111116,1.0,0.9999999999999999,0.625,0.6000000000000001,0.5806625370320495
0.6666666666666667,0.25,0.2857142857142856,0.33333333333333326,1.0,0.0,0.625,0.6000000000000001,0.6092108806894696
0.6666666666666667,0.25,0.2857142857142856,0.33333333333333326,1.0,0.33333333333333337,0.625,0.6000000000000001,0.5933207648801508
0.6666666666666667,0.25,0.2857142857142856,0.33333333333333326,1.0,0.6666666666666666,0.625,0.6000000000000001,0.4707783463506598
0.6666666666666667,0.25,0.2857142857142856,0.33333333333333326,1.0,0.9999999999999999,0.625,0.6000000000000001,0.5095610018852679
0.5555555555555556,0.33333333333333304,0.4285714285714286,0.33333333333333326,1.0,0.0,0.625,0.6000000000000001,0.4812819822246162
0.5555555555555556,0.33333333333333304,0.4285714285714286,0.33333333333333326,1.0,0.33333333333333337,0.625,0.6000000000000001,0.4540802585510369
0.5555555555555556,0.33333333333333304,0.4285714285714286,0.33333333333333326,1.0,0.6666666666666666,0.625,0.6000000000000001,0.4322650148128198
0.5555555555555556,0.33333333333333304,0.4285714285714286,0.33333333333333326,1.0,0.9999999999999999,0.625,0.6000000000000001,0.4177215189873417
0.47222222222222254,0.4166666666666665,0.5714285714285714,0.33333333333333326,1.0,0.0,0.625,0.6000000000000001,0.9218960409372476
0.47222222222222254,0.4166666666666665,0.5714285714285714,0.33333333333333326,1.0,0.33333333333333337,0.625,0.6000000000000001,0.8823054134123349
0.47222222222222254,0.4166666666666665,0.5714285714285714,0.33333333333333326,1.0,0.6666666666666666,0.625,0.6000000000000001,0.7234042553191489
0.47222222222222254,0.4166666666666665,0.5714285714285714,0.33333333333333326,1.0,0.9999999999999999,0.625,0.6000000000000001,0.699434419606787
0.38888888888888906,0.5,0.9999999999999998,0.11111111111111116,1.0,0.0,0.625,0.6000000000000001,0.6778884998653381
0.38888888888888906,0.5,0.9999999999999998,0.11111111111111116,1.0,0.33333333333333337,0.625,0.6000000000000001,0.687853487745758
0.38888888888888906,0.5,0.9999999999999998,0.11111111111111116,1.0,0.6666666666666666,0.625,0.6000000000000001,0.7104767034742796
0.38888888888888906,0.5,0.9999999999999998,0.11111111111111116,1.0,0.9999999999999999,0.625,0.6000000000000001,0.7107460274710478
0.33333333333333326,0.583333333333333,0.0,1.0,0.0,0.0,0.625,0.6000000000000001,0.09668731483975224
0.33333333333333326,0.583333333333333,0.0,1.0,0.0,0.33333333333333337,0.625,0.6000000000000001,0.07783463506598437
0.33333333333333326,0.583333333333333,0.0,1.0,0.0,0.6666666666666666,0.625,0.6000000000000001,0.10288176676541883
0.33333333333333326,0.583333333333333,0.0,1.0,0.0,0.9999999999999999,0.625,0.6000000000000001,0.10395906275249123
0.25,0.6666666666666665,0.1428571428571428,1.0,0.0,0.0,0.625,0.6000000000000001,0.108268246700781
0.25,0.6666666666666665,0.1428571428571428,1.0,0.0,0.33333333333333337,0.625,0.6000000000000001,0.10342041475895503
0.25,0.6666666666666665,0.1428571428571428,1.0,0.0,0.6666666666666666,0.625,0.6000000000000001,0.1257743064907083
0.25,0.6666666666666665,0.1428571428571428,1.0,0.0,0.9999999999999999,0.625,0.6000000000000001,0.10880689469431726
0.19444444444444442,0.75,0.2857142857142856,1.0,0.0,0.0,0.625,0.6000000000000001,0.108268246700781
0.19444444444444442,0.75,0.2857142857142856,1.0,0.0,0.33333333333333337,0.625,0.6000000000000001,0.09372475087530302
0.19444444444444442,0.75,0.2857142857142856,1.0,0.0,0.6666666666666666,0.625,0.6000000000000001,0.12227309453272284
0.19444444444444442,0.75,0.2857142857142856,1.0,0.0,0.9999999999999999,0.625,0.6000000000000001,0.11500134661998385
0.11111111111111116,0.833333333333333,0.4285714285714286,1.0,0.0,0.0,0.625,0.6000000000000001,0.12469701050363585
0.11111111111111116,0.833333333333333,0.4285714285714286,1.0,0.0,0.33333333333333337,0.625,0.6000000000000001,0.1319687584163749
0.11111111111111116,0.833333333333333,0.4285714285714286,1.0,0.0,0.6666666666666666,0.625,0.6000000000000001,0.1411257743064907
0.11111111111111116,0.833333333333333,0.4285714285714286,1.0,0.0,0.9999999999999999,0.625,0.6000000000000001,0.14435766226770808
0.05555555555555558,0.9166666666666665,0.5714285714285714,1.0,0.0,0.0,0.625,0.6000000000000001,0.24158362510099657
0.05555555555555558,0.9166666666666665,0.5714285714285714,1.0,0.0,0.33333333333333337,0.625,0.6000000000000001,0.2458928090492863
0.05555555555555558,0.9166666666666665,0.5714285714285714,1.0,0.0,0.6666666666666666,0.625,0.6000000000000001,0.2574737409103151
0.05555555555555558,0.9166666666666665,0.5714285714285714,1.0,0.0,0.9999999999999999,0.625,0.6000000000000001,0.2526259089684891
0.0,1.0,0.7142857142857142,1.0,0.0,0.0,0.625,0.6000000000000001,0.1074602747104767
0.0,1.0,0.7142857142857142,1.0,0.0,0.33333333333333337,0.625,0.6000000000000001,0.10934554268785351
0.0,1.0,0.7142857142857142,1.0,0.0,0.6666666666666666,0.625,0.6000000000000001,0.1074602747104767
0.0,1.0,0.7142857142857142,1.0,0.0,0.9999999999999999,0.625,0.6000000000000001,0.09291677888499861
0.9999999999999998,0.0,0.2857142857142856,0.0,1.0,0.0,0.625,0.8,0.5039051979531375
0.9999999999999998,0.0,0.2857142857142856,0.0,1.0,0.33333333333333337,0.625,0.8,0.5033665499596014
0.9999999999999998,0.0,0.2857142857142856,0.0,1.0,0.6666666666666666,0.625,0.8,0.5195259897656881
0.9999999999999998,0.0,0.2857142857142856,0.0,1.0,0.9999999999999999,0.625,0.8,0.5176407217883114
0.7777777777777779,0.16666666666666652,0.4285714285714286,0.11111111111111116,1.0,0.0,0.625,0.8,0.5715055211419338
0.7777777777777779,0.16666666666666652,0.4285714285714286,0.11111111111111116,1.0,0.33333333333333337,0.625,0.8,0.7061675195259898
0.7777777777777779,0.16666666666666652,0.4285714285714286,0.11111111111111116,1.0,0.6666666666666666,0.625,0.8,0.6803124158362508
0.7777777777777779,0.16666666666666652,0.4285714285714286,0.11111111111111116,1.0,0.9999999999999999,0.625,0.8,0.5995152168058173
0.6666666666666667,0.25,0.2857142857142856,0.33333333333333326,1.0,0.0,0.625,0.8,0.4995960140048478
0.6666666666666667,0.25,0.2857142857142856,0.33333333333333326,1.0,0.33333333333333337,0.625,0.8,0.627255588472933
0.6666666666666667,0.25,0.2857142857142856,0.33333333333333326,1.0,0.6666666666666666,0.625,0.8,0.620253164556962
0.6666666666666667,0.25,0.2857142857142856,0.33333333333333326,1.0,0.9999999999999999,0.625,0.8,0.46889307837328303
0.5555555555555556,0.33333333333333304,0.4285714285714286,0.33333333333333326,1.0,0.0,0.625,0.8,0.41475895502289256
0.5555555555555556,0.33333333333333304,0.4285714285714286,0.33333333333333326,1.0,0.33333333333333337,0.625,0.8,0.4990573660113116
0.5555555555555556,0.33333333333333304,0.4285714285714286,0.33333333333333326,1.0,0.6666666666666666,0.625,0.8,0.48101265822784817
0.5555555555555556,0.33333333333333304,0.4285714285714286,0.33333333333333326,1.0,0.9999999999999999,0.625,0.8,0.4427686506867761
0.47222222222222254,0.4166666666666665,0.5714285714285714,0.33333333333333326,1.0,0.0,0.625,0.8,0.6830056558039321
0.47222222222222254,0.4166666666666665,0.5714285714285714,0.33333333333333326,1.0,0.33333333333333337,0.625,0.8,0.9313223808241313
0.47222222222222254,0.4166666666666665,0.5714285714285714,0.33333333333333326,1.0,0.6666666666666666,0.625,0.8,0.8957716132507405
0.47222222222222254,0.4166666666666665,0.5714285714285714,0.33333333333333326,1.0,0.9999999999999999,0.625,0.8,0.7099380554807433
0.38888888888888906,0.5,0.9999999999999998,0.11111111111111116,1.0,0.0,0.625,0.8,0.7083221115001348
0.38888888888888906,0.5,0.9999999999999998,0.11111111111111116,1.0,0.33333333333333337,0.625,0.8,0.6964718556423377
0.38888888888888906,0.5,0.9999999999999998,0.11111111111111116,1.0,0.6666666666666666,0.625,0.8,0.7042822515486129
0.38888888888888906,0.5,0.9999999999999998,0.11111111111111116,1.0,0.9999999999999999,0.625,0.8,0.7166711553999461
0.33333333333333326,0.583333333333333,0.0,1.0,0.0,0.0,0.625,0.8,0.108268246700781
0.33333333333333326,0.583333333333333,0.0,1.0,0.0,0.33333333333333337,0.625,0.8,0.1168866145973606
0.33333333333333326,0.583333333333333,0.0,1.0,0.0,0.6666666666666666,0.625,0.8,0.11123081066523027
0.33333333333333326,0.583333333333333,0.0,1.0,0.0,0.9999999999999999,0.625,0.8,0.11984917856180982
0.25,0.6666666666666665,0.1428571428571428,1.0,0.0,0.0,0.625,0.8,0.10153514678157821
0.25,0.6666666666666665,0.1428571428571428,1.0,0.0,0.33333333333333337,0.625,0.8,0.11284675464583893
0.25,0.6666666666666665,0.1428571428571428,1.0,0.0,0.6666666666666666,0.625,0.8,0.11580931861028815
0.25,0.6666666666666665,0.1428571428571428,1.0,0.0,0.9999999999999999,0.625,0.8,0.12765957446808512
0.19444444444444442,0.75,0.2857142857142856,1.0,0.0,0.0,0.625,0.8,0.12038782655534608
0.19444444444444442,0.75,0.2857142857142856,1.0,0.0,0.33333333333333337,0.625,0.8,0.13008349043899814
0.19444444444444442,0.75,0.2857142857142856,1.0,0.0,0.6666666666666666,0.625,0.8,0.1327767304066792
0.19444444444444442,0.75,0.2857142857142856,1.0,0.0,0.9999999999999999,0.625,0.8,0.14085645030972255
0.11111111111111116,0.833333333333333,0.4285714285714286,1.0,0.0,0.0,0.625,0.8,0.13600861836789657
0.11111111111111116,0.833333333333333,0.4285714285714286,1.0,0.0,0.33333333333333337,0.625,0.8,0.1263129544842445
0.11111111111111116,0.833333333333333,0.4285714285714286,1.0,0.0,0.6666666666666666,0.625,0.8,0.14193374629679506
0.11111111111111116,0.833333333333333,0.4285714285714286,1.0,0.0,0.9999999999999999,0.625,0.8,0.1411257743064907
0.05555555555555558,0.9166666666666665,0.5714285714285714,1.0,0.0,0.0,0.625,0.8,0.23565849717209802
0.05555555555555558,0.9166666666666665,0.5714285714285714,1.0,0.0,0.33333333333333337,0.625,0.8,0.2386210611365473
0.05555555555555558,0.9166666666666665,0.5714285714285714,1.0,0.0,0.6666666666666666,0.625,0.8,0.25504982493940215
0.05555555555555558,0.9166666666666665,0.5714285714285714,1.0,0.0,0.9999999999999999,0.625,0.8,0.24239159709130081
0.0,1.0,0.7142857142857142,1.0,0.0,0.0,0.625,0.8,0.12146512254241854
0.0,1.0,0.7142857142857142,1.0,0.0,0.33333333333333337,0.625,0.8,0.1255049824939402
0.0,1.0,0.7142857142857142,1.0,0.0,0.6666666666666666,0.625,0.8,0.11230810665230273
0.0,1.0,0.7142857142857142,1.0,0.0,0.9999999999999999,0.625,0.8,0.12065715055211418
0.9999999999999998,0.0,0.2857142857142856,0.0,1.0,0.0,0.625,1.0,0.5017506059789927
0.9999999999999998,0.0,0.2857142857142856,0.0,1.0,0.33333333333333337,0.625,1.0,0.5082143819014273
0.9999999999999998,0.0,0.2857142857142856,0.0,1.0,0.6666666666666666,0.625,1.0,0.514408833827094
0.9999999999999998,0.0,0.2857142857142856,0.0,1.0,0.9999999999999999,0.625,1.0,0.5197953137624562
0.7777777777777779,0.16666666666666652,0.4285714285714286,0.11111111111111116,1.0,0.0,0.625,1.0,0.5750067330999191
0.7777777777777779,0.16666666666666652,0.4285714285714286,0.11111111111111116,1.0,0.33333333333333337,0.625,1.0,0.5682736331807163
0.7777777777777779,0.16666666666666652,0.4285714285714286,0.11111111111111116,1.0,0.6666666666666666,0.625,1.0,0.7080527875033664
0.7777777777777779,0.16666666666666652,0.4285714285714286,0.11111111111111116,1.0,0.9999999999999999,0.625,1.0,0.6657689200107728
0.6666666666666667,0.25,0.2857142857142856,0.33333333333333326,1.0,0.0,0.625,1.0,0.46108268246700773
0.6666666666666667,0.25,0.2857142857142856,0.33333333333333326,1.0,0.33333333333333337,0.625,1.0,0.4990573660113116
0.6666666666666667,0.25,0.2857142857142856,0.33333333333333326,1.0,0.6666666666666666,0.625,1.0,0.6261782924858605
0.6666666666666667,0.25,0.2857142857142856,0.33333333333333326,1.0,0.9999999999999999,0.625,1.0,0.6078642607056288
0.5555555555555556,0.33333333333333304,0.4285714285714286,0.33333333333333326,1.0,0.0,0.625,1.0,0.42095340694855915
0.5555555555555556,0.33333333333333304,0.4285714285714286,0.33333333333333326,1.0,0.33333333333333337,0.625,1.0,0.408833827093994
0.5555555555555556,0.33333333333333304,0.4285714285714286,0.33333333333333326,1.0,0.6666666666666666,0.625,1.0,0.4958254780500942
0.5555555555555556,0.33333333333333304,0.4285714285714286,0.33333333333333326,1.0,0.9999999999999999,0.625,1.0,0.46431457042822516
0.47222222222222254,0.4166666666666665,0.5714285714285714,0.33333333333333326,1.0,0.0,0.625,1.0,0.7174791273902505
0.47222222222222254,0.4166666666666665,0.5714285714285714,0.33333333333333326,1.0,0.33333333333333337,0.625,1.0,0.6937786156746566
0.47222222222222254,0.4166666666666665,0.5714285714285714,0.33333333333333326,1.0,0.6666666666666666,0.625,1.0,0.9259359008887693
0.47222222222222254,0.4166666666666665,0.5714285714285714,0.33333333333333326,1.0,0.9999999999999999,0.625,1.0,0.8841906813897118
0.38888888888888906,0.5,0.9999999999999998,0.11111111111111116,1.0,0.0,0.625,1.0,0.7010503635873957
0.38888888888888906,0.5,0.9999999999999998,0.11111111111111116,1.0,0.33333333333333337,0.625,1.0,0.7032049555615405
0.38888888888888906,0.5,0.9999999999999998,0.11111111111111116,1.0,0.6666666666666666,0.625,1.0,0.6687314839752221
0.38888888888888906,0.5,0.9999999999999998,0.11111111111111116,1.0,0.9999999999999999,0.625,1.0,0.6800430918394829
0.33333333333333326,0.583333333333333,0.0,1.0,0.0,0.0,0.625,1.0,0.09641799084298414
0.33333333333333326,0.583333333333333,0.0,1.0,0.0,0.33333333333333337,0.625,1.0,0.0991112308106652
0.33333333333333326,0.583333333333333,0.0,1.0,0.0,0.6666666666666666,0.625,1.0,0.10530568273633178
0.33333333333333326,0.583333333333333,0.0,1.0,0.0,0.9999999999999999,0.625,1.0,0.08429841098841906
0.25,0.6666666666666665,0.1428571428571428,1.0,0.0,0.0,0.625,1.0,0.11769458658766496
0.25,0.6666666666666665,0.1428571428571428,1.0,0.0,0.33333333333333337,0.625,1.0,0.10261244276865072
0.25,0.6666666666666665,0.1428571428571428,1.0,0.0,0.6666666666666666,0.625,1.0,0.1166172906005925
0.25,0.6666666666666665,0.1428571428571428,1.0,0.0,0.9999999999999999,0.625,1.0,0.10961486668462161
0.19444444444444442,0.75,0.2857142857142856,1.0,0.0,0.0,0.625,1.0,0.11419337462967949
0.19444444444444442,0.75,0.2857142857142856,1.0,0.0,0.33333333333333337,0.625,1.0,0.10961486668462161
0.19444444444444442,0.75,0.2857142857142856,1.0,0.0,0.6666666666666666,0.625,1.0,0.1163479666038244
0.19444444444444442,0.75,0.2857142857142856,1.0,0.0,0.9999999999999999,0.625,1.0,0.09964987880420145
0.11111111111111116,0.833333333333333,0.4285714285714286,1.0,0.0,0.0,0.625,1.0,0.1327767304066792
0.11111111111111116,0.833333333333333,0.4285714285714286,1.0,0.0,0.33333333333333337,0.625,1.0,0.1381632103420415
0.11111111111111116,0.833333333333333,0.4285714285714286,1.0,0.0,0.6666666666666666,0.625,1.0,0.1319687584163749
0.11111111111111116,0.833333333333333,0.4285714285714286,1.0,0.0,0.9999999999999999,0.625,1.0,0.1389711823323458
0.05555555555555558,0.9166666666666665,0.5714285714285714,1.0,0.0,0.0,0.625,1.0,0.2485860490169674
0.05555555555555558,0.9166666666666665,0.5714285714285714,1.0,0.0,0.33333333333333337,0.625,1.0,0.2453541610557501
0.05555555555555558,0.9166666666666665,0.5714285714285714,1.0,0.0,0.6666666666666666,0.625,1.0,0.2502019929975761
0.05555555555555558,0.9166666666666665,0.5714285714285714,1.0,0.0,0.9999999999999999,0.625,1.0,0.2528952329652571
0.0,1.0,0.7142857142857142,1.0,0.0,0.0,0.625,1.0,0.11553999461352005
0.0,1.0,0.7142857142857142,1.0,0.0,0.33333333333333337,0.625,1.0,0.09991920280096955
0.0,1.0,0.7142857142857142,1.0,0.0,0.6666666666666666,0.625,1.0,0.09991920280096955
0.0,1.0,0.7142857142857142,1.0,0.0,0.9999999999999999,0.625,1.0,0.10368973875572313
0.9999999999999998,0.0,0.2857142857142856,0.0,1.0,0.0,1.0,0.2,0.6051710207379477
0.9999999999999998,0.0,0.2857142857142856,0.0,1.0,0.33333333333333337,1.0,0.2,0.6043630487476435
0.9999999999999998,0.0,0.2857142857142856,0.0,1.0,0.6666666666666666,1.0,0.2,0.5906275249124697
0.9999999999999998,0.0,0.2857142857142856,0.0,1.0,0.9999999999999999,1.0,0.2,0.5962833288446001
0.7777777777777779,0.16666666666666652,0.4285714285714286,0.11111111111111116,1.0,0.0,1.0,0.2,0.7643415028279021
0.7777777777777779,0.16666666666666652,0.4285714285714286,0.11111111111111116,1.0,0.33333333333333337,1.0,0.2,0.6862375437651496
0.7777777777777779,0.16666666666666652,0.4285714285714286,0.11111111111111116,1.0,0.6666666666666666,1.0,0.2,0.6738486399138164
0.7777777777777779,0.16666666666666652,0.4285714285714286,0.11111111111111116,1.0,0.9999999999999999,1.0,0.2,0.8103959062752493
0.6666666666666667,0.25,0.2857142857142856,0.33333333333333326,1.0,0.0,1.0,0.2,0.6757339078911933
0.6666666666666667,0.25,0.2857142857142856,0.33333333333333326,1.0,0.33333333333333337,1.0,0.2,0.5321842176137894
0.6666666666666667,0.25,0.2857142857142856,0.33333333333333326,1.0,0.6666666666666666,1.0,0.2,0.560193913277673
0.6666666666666667,0.25,0.2857142857142856,0.33333333333333326,1.0,0.9999999999999999,1.0,0.2,0.6956638836520332
0.5555555555555556,0.33333333333333304,0.4285714285714286,0.33333333333333326,1.0,0.0,1.0,0.2,0.5604632372744411
0.5555555555555556,0.33333333333333304,0.4285714285714286,0.33333333333333326,1.0,0.33333333333333337,1.0,0.2,0.49097764610826816
0.5555555555555556,0.33333333333333304,0.4285714285714286,0.33333333333333326,1.0,0.6666666666666666,1.0,0.2,0.48720711015351464
0.5555555555555556,0.33333333333333304,0.4285714285714286,0.33333333333333326,1.0,0.9999999999999999,1.0,0.2,0.6097495286830057
0.47222222222222254,0.4166666666666665,0.5714285714285714,0.33333333333333326,1.0,0.0,1.0,0.2,0.9262052248855372
0.47222222222222254,0.4166666666666665,0.5714285714285714,0.33333333333333326,1.0,0.33333333333333337,1.0,0.2,0.7586856988957718
0.47222222222222254,0.4166666666666665,0.5714285714285714,0.33333333333333326,1.0,0.6666666666666666,1.0,0.2,0.7392943711284676
0.47222222222222254,0.4166666666666665,0.5714285714285714,0.33333333333333326,1.0,0.9999999999999999,1.0,0.2,0.9706436843522757
0.38888888888888906,0.5,0.9999999999999998,0.11111111111111116,1.0,0.0,1.0,0.2,0.771613250740641
0.38888888888888906,0.5,0.9999999999999998,0.11111111111111116,1.0,0.33333333333333337,1.0,0.2,0.8066253703204955
0.38888888888888906,0.5,0.9999999999999998,0.11111111111111116,1.0,0.6666666666666666,1.0,0.2,0.8007002423915972
0.38888888888888906,0.5,0.9999999999999998,0.11111111111111116,1.0,0.9999999999999999,1.0,0.2,0.7697279827632642
0.33333333333333326,0.583333333333333,0.0,1.0,0.0,0.0,1.0,0.2,0.16267169404793969
0.33333333333333326,0.583333333333333,0.0,1.0,0.0,0.33333333333333337,1.0,0.2,0.17102073794775113
0.33333333333333326,0.583333333333333,0.0,1.0,0.0,0.6666666666666666,1.0,0.2,0.1650956100188527
0.33333333333333326,0.583333333333333,0.0,1.0,0.0,0.9999999999999999,1.0,0.2,0.17102073794775113
0.25,0.6666666666666665,0.1428571428571428,1.0,0.0,0.0,1.0,0.2,0.16698087799622952
0.25,0.6666666666666665,0.1428571428571428,1.0,0.0,0.33333333333333337,1.0,0.2,0.17802316186372208
0.25,0.6666666666666665,0.1428571428571428,1.0,0.0,0.6666666666666666,1.0,0.2,0.16751952598976572
0.25,0.6666666666666665,0.1428571428571428,1.0,0.0,0.9999999999999999,1.0,0.2,0.17694586587664957
0.19444444444444442,0.75,0.2857142857142856,1.0,0.0,0.0,1.0,0.2,0.1508214381901427
0.19444444444444442,0.75,0.2857142857142856,1.0,0.0,0.33333333333333337,1.0,0.2,0.16428763802854834
0.19444444444444442,0.75,0.2857142857142856,1.0,0.0,0.6666666666666666,1.0,0.2,0.16078642607056293
0.19444444444444442,0.75,0.2857142857142856,1.0,0.0,0.9999999999999999,1.0,0.2,0.16967411796391058
0.11111111111111116,0.833333333333333,0.4285714285714286,1.0,0.0,0.0,1.0,0.2,0.19499057366011313
0.11111111111111116,0.833333333333333,0.4285714285714286,1.0,0.0,0.33333333333333337,1.0,0.2,0.19202800969566391
0.11111111111111116,0.833333333333333,0.4285714285714286,1.0,0.0,0.6666666666666666,1.0,0.2,0.19499057366011313
0.11111111111111116,0.833333333333333,0.4285714285714286,1.0,0.0,0.9999999999999999,1.0,0.2,0.18987341772151894
0.05555555555555558,0.9166666666666665,0.5714285714285714,1.0,0.0,0.0,1.0,0.2,0.31834096417990837
0.05555555555555558,0.9166666666666665,0.5714285714285714,1.0,0.0,0.33333333333333337,1.0,0.2,0.3186102881766765
0.05555555555555558,0.9166666666666665,0.5714285714285714,1.0,0.0,0.6666666666666666,1.0,0.2,0.31834096417990837
0.05555555555555558,0.9166666666666665,0.5714285714285714,1.0,0.0,0.9999999999999999,1.0,0.2,0.3132238082413143
0.0,1.0,0.7142857142857142,1.0,0.0,0.0,1.0,0.2,0.16967411796391058
0.0,1.0,0.7142857142857142,1.0,0.0,0.33333333333333337,1.0,0.2,0.16994344196067873
0.0,1.0,0.7142857142857142,1.0,0.0,0.6666666666666666,1.0,0.2,0.16832749798006996
0.0,1.0,0.7142857142857142,1.0,0.0,0.9999999999999999,1.0,0.2,0.16967411796391058
0.9999999999999998,0.0,0.2857142857142856,0.0,1.0,0.0,1.0,0.4,0.5941287368704551
0.9999999999999998,0.0,0.2857142857142856,0.0,1.0,0.33333333333333337,1.0,0.4,0.5987072448155131
0.9999999999999998,0.0,0.2857142857142856,0.0,1.0,0.6666666666666666,1.0,0.4,0.6205224885537302
0.9999999999999998,0.0,0.2857142857142856,0.0,1.0,0.9999999999999999,1.0,0.4,0.6162133046054403
0.7777777777777779,0.16666666666666652,0.4285714285714286,0.11111111111111116,1.0,0.0,1.0,0.4,0.7392943711284676
0.7777777777777779,0.16666666666666652,0.4285714285714286,0.11111111111111116,1.0,0.33333333333333337,1.0,0.4,0.6595744680851063
0.7777777777777779,0.16666666666666652,0.4285714285714286,0.11111111111111116,1.0,0.6666666666666666,1.0,0.4,0.6474548882305413
0.7777777777777779,0.16666666666666652,0.4285714285714286,0.11111111111111116,1.0,0.9999999999999999,1.0,0.4,0.8015082143819015
0.6666666666666667,0.25,0.2857142857142856,0.33333333333333326,1.0,0.0,1.0,0.4,0.6619983840560193
0.6666666666666667,0.25,0.2857142857142856,0.33333333333333326,1.0,0.33333333333333337,1.0,0.4,0.5286830056558038
0.6666666666666667,0.25,0.2857142857142856,0.33333333333333326,1.0,0.6666666666666666,1.0,0.4,0.5758147050902236
0.6666666666666667,0.25,0.2857142857142856,0.33333333333333326,1.0,0.9999999999999999,1.0,0.4,0.6991650956100188
0.5555555555555556,0.33333333333333304,0.4285714285714286,0.33333333333333326,1.0,0.0,1.0,0.4,0.5235658497172098
0.5555555555555556,0.33333333333333304,0.4285714285714286,0.33333333333333326,1.0,0.33333333333333337,1.0,0.4,0.45865876649609477
0.5555555555555556,0.33333333333333304,0.4285714285714286,0.33333333333333326,1.0,0.6666666666666666,1.0,0.4,0.48612981416644224
0.5555555555555556,0.33333333333333304,0.4285714285714286,0.33333333333333326,1.0,0.9999999999999999,1.0,0.4,0.5930514408833827
0.47222222222222254,0.4166666666666665,0.5714285714285714,0.33333333333333326,1.0,0.0,1.0,0.4,0.9342849447885808
0.47222222222222254,0.4166666666666665,0.5714285714285714,0.33333333333333326,1.0,0.33333333333333337,1.0,0.4,0.7678427147858873
0.47222222222222254,0.4166666666666665,0.5714285714285714,0.33333333333333326,1.0,0.6666666666666666,1.0,0.4,0.7524912469701053
0.47222222222222254,0.4166666666666665,0.5714285714285714,0.33333333333333326,1.0,0.9999999999999999,1.0,0.4,1.0
0.38888888888888906,0.5,0.9999999999999998,0.11111111111111116,1.0,0.0,1.0,0.4,0.7697279827632642
0.38888888888888906,0.5,0.9999999999999998,0.11111111111111116,1.0,0.33333333333333337,1.0,0.4,0.7945057904659305
0.38888888888888906,0.5,0.9999999999999998,0.11111111111111116,1.0,0.6666666666666666,1.0,0.4,0.7963910584433074
0.38888888888888906,0.5,0.9999999999999998,0.11111111111111116,1.0,0.9999999999999999,1.0,0.4,0.7756531106921627
0.33333333333333326,0.583333333333333,0.0,1.0,0.0,0.0,1.0,0.4,0.14893617021276595
0.33333333333333326,0.583333333333333,0.0,1.0,0.0,0.33333333333333337,1.0,0.4,0.16240237005117153
0.33333333333333326,0.583333333333333,0.0,1.0,0.0,0.6666666666666666,1.0,0.4,0.1640183140317802
0.33333333333333326,0.583333333333333,0.0,1.0,0.0,0.9999999999999999,1.0,0.4,0.1650956100188527
0.25,0.6666666666666665,0.1428571428571428,1.0,0.0,0.0,1.0,0.4,0.15809318610288176
0.25,0.6666666666666665,0.1428571428571428,1.0,0.0,0.33333333333333337,1.0,0.4,0.1742526259089685
0.25,0.6666666666666665,0.1428571428571428,1.0,0.0,0.6666666666666666,1.0,0.4,0.17155938594128733
0.25,0.6666666666666665,0.1428571428571428,1.0,0.0,0.9999999999999999,1.0,0.4,0.17802316186372208
0.19444444444444442,0.75,0.2857142857142856,1.0,0.0,0.0,1.0,0.4,0.1492054942095341
0.19444444444444442,0.75,0.2857142857142856,1.0,0.0,0.33333333333333337,1.0,0.4,0.1645569620253165
0.19444444444444442,0.75,0.2857142857142856,1.0,0.0,0.6666666666666666,1.0,0.4,0.17048208995421493
0.19444444444444442,0.75,0.2857142857142856,1.0,0.0,0.9999999999999999,1.0,0.4,0.17021276595744678
0.11111111111111116,0.833333333333333,0.4285714285714286,1.0,0.0,0.0,1.0,0.4,0.18718017775383788
0.11111111111111116,0.833333333333333,0.4285714285714286,1.0,0.0,0.33333333333333337,1.0,0.4,0.18825747374091034
0.11111111111111116,0.833333333333333,0.4285714285714286,1.0,0.0,0.6666666666666666,1.0,0.4,0.20091570158901156
0.11111111111111116,0.833333333333333,0.4285714285714286,1.0,0.0,0.9999999999999999,1.0,0.4,0.19525989765688118
0.05555555555555558,0.9166666666666665,0.5714285714285714,1.0,0.0,0.0,1.0,0.4,0.2914085645030972
0.05555555555555558,0.9166666666666665,0.5714285714285714,1.0,0.0,0.33333333333333337,1.0,0.4,0.3008349043899811
0.05555555555555558,0.9166666666666665,0.5714285714285714,1.0,0.0,0.6666666666666666,1.0,0.4,0.3013735523835173
0.05555555555555558,0.9166666666666665,0.5714285714285714,1.0,0.0,0.9999999999999999,1.0,0.4,0.2970643684352276
0.0,1.0,0.7142857142857142,1.0,0.0,0.0,1.0,0.4,0.17398330191220035
0.0,1.0,0.7142857142857142,1.0,0.0,0.33333333333333337,1.0,0.4,0.17452194990573655
0.0,1.0,0.7142857142857142,1.0,0.0,0.6666666666666666,1.0,0.4,0.16051710207379477
0.0,1.0,0.7142857142857142,1.0,0.0,0.9999999999999999,1.0,0.4,0.1640183140317802
0.9999999999999998,0.0,0.2857142857142856,0.0,1.0,0.0,1.0,0.6000000000000001,0.5892809049286292
0.9999999999999998,0.0,0.2857142857142856,0.0,1.0,0.33333333333333337,1.0,0.6000000000000001,0.6016698087799623
0.9999999999999998,0.0,0.2857142857142856,0.0,1.0,0.6666666666666666,1.0,0.6000000000000001,0.6183678965795851
0.9999999999999998,0.0,0.2857142857142856,0.0,1.0,0.9999999999999999,1.0,0.6000000000000001,0.6221384325343389
0.7777777777777779,0.16666666666666652,0.4285714285714286,0.11111111111111116,1.0,0.0,1.0,0.6000000000000001,0.7099380554807433
0.7777777777777779,0.16666666666666652,0.4285714285714286,0.11111111111111116,1.0,0.33333333333333337,1.0,0.6000000000000001,0.6501481281982224
0.7777777777777779,0.16666666666666652,0.4285714285714286,0.11111111111111116,1.0,0.6666666666666666,1.0,0.6000000000000001,0.6172906005925127
0.7777777777777779,0.16666666666666652,0.4285714285714286,0.11111111111111116,1.0,0.9999999999999999,1.0,0.6000000000000001,0.6035550767573392
0.6666666666666667,0.25,0.2857142857142856,0.33333333333333326,1.0,0.0,1.0,0.6000000000000001,0.6549959601400483
0.6666666666666667,0.25,0.2857142857142856,0.33333333333333326,1.0,0.33333333333333337,1.0,0.6000000000000001,0.6409911123081067
0.6666666666666667,0.25,0.2857142857142856,0.33333333333333326,1.0,0.6666666666666666,1.0,0.6000000000000001,0.5173713977915433
0.6666666666666667,0.25,0.2857142857142856,0.33333333333333326,1.0,0.9999999999999999,1.0,0.6000000000000001,0.5575006733099919
0.5555555555555556,0.33333333333333304,0.4285714285714286,0.33333333333333326,1.0,0.0,1.0,0.6000000000000001,0.5798545650417453
0.5555555555555556,0.33333333333333304,0.4285714285714286,0.33333333333333326,1.0,0.33333333333333337,1.0,0.6000000000000001,0.5319148936170213
0.5555555555555556,0.33333333333333304,0.4285714285714286,0.33333333333333326,1.0,0.6666666666666666,1.0,0.6000000000000001,0.5082143819014273
0.5555555555555556,0.33333333333333304,0.4285714285714286,0.33333333333333326,1.0,0.9999999999999999,1.0,0.6000000000000001,0.504713169943442
0.47222222222222254,0.4166666666666665,0.5714285714285714,0.33333333333333326,1.0,0.0,1.0,0.6000000000000001,0.9571774845138701
0.47222222222222254,0.4166666666666665,0.5714285714285714,0.33333333333333326,1.0,0.33333333333333337,1.0,0.6000000000000001,0.8963102612442768
0.47222222222222254,0.4166666666666665,0.5714285714285714,0.33333333333333326,1.0,0.6666666666666666,1.0,0.6000000000000001,0.7516832749798008
0.47222222222222254,0.4166666666666665,0.5714285714285714,0.33333333333333326,1.0,0.9999999999999999,1.0,0.6000000000000001,0.7360624831672502
0.38888888888888906,0.5,0.9999999999999998,0.11111111111111116,1.0,0.0,1.0,0.6000000000000001,0.7344465391866417
0.38888888888888906,0.5,0.9999999999999998,0.11111111111111116,1.0,0.33333333333333337,1.0,0.6000000000000001,0.742795583086453
0.38888888888888906,0.5,0.9999999999999998,0.11111111111111116,1.0,0.6666666666666666,1.0,0.6000000000000001,0.7745758147050901
0.38888888888888906,0.5,0.9999999999999998,0.11111111111111116,1.0,0.9999999999999999,1.0,0.6000000000000001,0.7864260705628872
0.33333333333333326,0.583333333333333,0.0,1.0,0.0,0.0,1.0,0.6000000000000001,0.139509830325882
0.33333333333333326,0.583333333333333,0.0,1.0,0.0,0.33333333333333337,1.0,0.6000000000000001,0.12092647454888233
0.33333333333333326,0.583333333333333,0.0,1.0,0.0,0.6666666666666666,1.0,0.6000000000000001,0.15270670616751952
0.33333333333333326,0.583333333333333,0.0,1.0,0.0,0.9999999999999999,1.0,0.6000000000000001,0.15351467815782388
0.25,0.6666666666666665,0.1428571428571428,1.0,0.0,0.0,1.0,0.6000000000000001,0.14031780231618635
0.25,0.6666666666666665,0.1428571428571428,1.0,0.0,0.33333333333333337,1.0,0.6000000000000001,0.1230810665230272
0.25,0.6666666666666665,0.1428571428571428,1.0,0.0,0.6666666666666666,1.0,0.6000000000000001,0.15620791812550494
0.25,0.6666666666666665,0.1428571428571428,1.0,0.0,0.9999999999999999,1.0,0.6000000000000001,0.1400484783194183
0.19444444444444442,0.75,0.2857142857142856,1.0,0.0,0.0,1.0,0.6000000000000001,0.1467815782386211
0.19444444444444442,0.75,0.2857142857142856,1.0,0.0,0.33333333333333337,1.0,0.6000000000000001,0.13304605440344736
0.19444444444444442,0.75,0.2857142857142856,1.0,0.0,0.6666666666666666,1.0,0.6000000000000001,0.1640183140317802
0.19444444444444442,0.75,0.2857142857142856,1.0,0.0,0.9999999999999999,1.0,0.6000000000000001,0.16482628602208454
0.11111111111111116,0.833333333333333,0.4285714285714286,1.0,0.0,0.0,1.0,0.6000000000000001,0.16536493401562075
0.11111111111111116,0.833333333333333,0.4285714285714286,1.0,0.0,0.33333333333333337,1.0,0.6000000000000001,0.18125504982493934
0.11111111111111116,0.833333333333333,0.4285714285714286,1.0,0.0,0.6666666666666666,1.0,0.6000000000000001,0.19391327767304067
0.11111111111111116,0.833333333333333,0.4285714285714286,1.0,0.0,0.9999999999999999,1.0,0.6000000000000001,0.197145165634258
0.05555555555555558,0.9166666666666665,0.5714285714285714,1.0,0.0,0.0,1.0,0.6000000000000001,0.26609210880689477
0.05555555555555558,0.9166666666666665,0.5714285714285714,1.0,0.0,0.33333333333333337,1.0,0.6000000000000001,0.26447616482628594
0.05555555555555558,0.9166666666666665,0.5714285714285714,1.0,0.0,0.6666666666666666,1.0,0.6000000000000001,0.2865607325612712
0.05555555555555558,0.9166666666666665,0.5714285714285714,1.0,0.0,0.9999999999999999,1.0,0.6000000000000001,0.28629140856450314
0.0,1.0,0.7142857142857142,1.0,0.0,0.0,1.0,0.6000000000000001,0.16159439806086717
0.0,1.0,0.7142857142857142,1.0,0.0,0.33333333333333337,1.0,0.6000000000000001,0.16805817398330192
0.0,1.0,0.7142857142857142,1.0,0.0,0.6666666666666666,1.0,0.6000000000000001,0.15243738217075137
0.0,1.0,0.7142857142857142,1.0,0.0,0.9999999999999999,1.0,0.6000000000000001,0.13735523835173713
0.9999999999999998,0.0,0.2857142857142856,0.0,1.0,0.0,1.0,0.8,0.5938594128736872
0.9999999999999998,0.0,0.2857142857142856,0.0,1.0,0.33333333333333337,1.0,0.8,0.5968219768381364
0.9999999999999998,0.0,0.2857142857142856,0.0,1.0,0.6666666666666666,1.0,0.8,0.6207918125504983
0.9999999999999998,0.0,0.2857142857142856,0.0,1.0,0.9999999999999999,1.0,0.8,0.6189065445731214
0.7777777777777779,0.16666666666666652,0.4285714285714286,0.11111111111111116,1.0,0.0,1.0,0.8,0.6215997845408026
0.7777777777777779,0.16666666666666652,0.4285714285714286,0.11111111111111116,1.0,0.33333333333333337,1.0,0.8,0.7815782386210612
0.7777777777777779,0.16666666666666652,0.4285714285714286,0.11111111111111116,1.0,0.6666666666666666,1.0,0.8,0.7627255588472932
0.7777777777777779,0.16666666666666652,0.4285714285714286,0.11111111111111116,1.0,0.9999999999999999,1.0,0.8,0.6786964718556423
0.6666666666666667,0.25,0.2857142857142856,0.33333333333333326,1.0,0.0,1.0,0.8,0.5556154053326152
0.6666666666666667,0.25,0.2857142857142856,0.33333333333333326,1.0,0.33333333333333337,1.0,0.8,0.6813897118233234
0.6666666666666667,0.25,0.2857142857142856,0.33333333333333326,1.0,0.6666666666666666,1.0,0.8,0.6816590358200916
0.6666666666666667,0.25,0.2857142857142856,0.33333333333333326,1.0,0.9999999999999999,1.0,0.8,0.5413412335039052
0.5555555555555556,0.33333333333333304,0.4285714285714286,0.33333333333333326,1.0,0.0,1.0,0.8,0.46593051440883376
0.5555555555555556,0.33333333333333304,0.4285714285714286,0.33333333333333326,1.0,0.33333333333333337,1.0,0.8,0.5776999730676002
0.5555555555555556,0.33333333333333304,0.4285714285714286,0.33333333333333326,1.0,0.6666666666666666,1.0,0.8,0.5451117694586587
0.5555555555555556,0.33333333333333304,0.4285714285714286,0.33333333333333326,1.0,0.9999999999999999,1.0,0.8,0.47212496633450035
0.47222222222222254,0.4166666666666665,0.5714285714285714,0.33333333333333326,1.0,0.0,1.0,0.8,0.7387557231349313
0.47222222222222254,0.4166666666666665,0.5714285714285714,0.33333333333333326,1.0,0.33333333333333337,1.0,0.8,0.9881497441422031
0.47222222222222254,0.4166666666666665,0.5714285714285714,0.33333333333333326,1.0,0.6666666666666666,1.0,0.8,0.9515216805817397
0.47222222222222254,0.4166666666666665,0.5714285714285714,0.33333333333333326,1.0,0.9999999999999999,1.0,0.8,0.7718825747374092
0.38888888888888906,0.5,0.9999999999999998,0.11111111111111116,1.0,0.0,1.0,0.8,0.7934284944788581
0.38888888888888906,0.5,0.9999999999999998,0.11111111111111116,1.0,0.33333333333333337,1.0,0.8,0.7748451387018584
0.38888888888888906,0.5,0.9999999999999998,0.11111111111111116,1.0,0.6666666666666666,1.0,0.8,0.7796929706436844
0.38888888888888906,0.5,0.9999999999999998,0.11111111111111116,1.0,0.9999999999999999,1.0,0.8,0.8044707783463507
0.33333333333333326,0.583333333333333,0.0,1.0,0.0,0.0,1.0,0.8,0.15378400215459193
0.33333333333333326,0.583333333333333,0.0,1.0,0.0,0.33333333333333337,1.0,0.8,0.1572852141125774
0.33333333333333326,0.583333333333333,0.0,1.0,0.0,0.6666666666666666,1.0,0.8,0.16159439806086717
0.33333333333333326,0.583333333333333,0.0,1.0,0.0,0.9999999999999999,1.0,0.8,0.17290600592512795
0.25,0.6666666666666665,0.1428571428571428,1.0,0.0,0.0,1.0,0.8,0.16024777807702667
0.25,0.6666666666666665,0.1428571428571428,1.0,0.0,0.33333333333333337,1.0,0.8,0.16967411796391058
0.25,0.6666666666666665,0.1428571428571428,1.0,0.0,0.6666666666666666,1.0,0.8,0.17048208995421493
0.25,0.6666666666666665,0.1428571428571428,1.0,0.0,0.9999999999999999,1.0,0.8,0.18421761378938856
0.19444444444444442,0.75,0.2857142857142856,1.0,0.0,0.0,1.0,0.8,0.15917048208995416
0.19444444444444442,0.75,0.2857142857142856,1.0,0.0,0.33333333333333337,1.0,0.8,0.16105575006733097
0.19444444444444442,0.75,0.2857142857142856,1.0,0.0,0.6666666666666666,1.0,0.8,0.16159439806086717
0.19444444444444442,0.75,0.2857142857142856,1.0,0.0,0.9999999999999999,1.0,0.8,0.1747912739025047
0.11111111111111116,0.833333333333333,0.4285714285714286,1.0,0.0,0.0,1.0,0.8,0.18744950175060593
0.11111111111111116,0.833333333333333,0.4285714285714286,1.0,0.0,0.33333333333333337,1.0,0.8,0.18637220576353353
0.11111111111111116,0.833333333333333,0.4285714285714286,1.0,0.0,0.6666666666666666,1.0,0.8,0.20091570158901156
0.11111111111111116,0.833333333333333,0.4285714285714286,1.0,0.0,0.9999999999999999,1.0,0.8,0.1976838136277942
0.05555555555555558,0.9166666666666665,0.5714285714285714,1.0,0.0,0.0,1.0,0.8,0.2903312685160248
0.05555555555555558,0.9166666666666665,0.5714285714285714,1.0,0.0,0.33333333333333337,1.0,0.8,0.2865607325612712
0.05555555555555558,0.9166666666666665,0.5714285714285714,1.0,0.0,0.6666666666666666,1.0,0.8,0.30568273633180715
0.05555555555555558,0.9166666666666665,0.5714285714285714,1.0,0.0,0.9999999999999999,1.0,0.8,0.3121465122542418
0.0,1.0,0.7142857142857142,1.0,0.0,0.0,1.0,0.8,0.16698087799622952
0.0,1.0,0.7142857142857142,1.0,0.0,0.33333333333333337,1.0,0.8,0.15863183409641796
0.0,1.0,0.7142857142857142,1.0,0.0,0.6666666666666666,1.0,0.8,0.15297603016428757
0.0,1.0,0.7142857142857142,1.0,0.0,0.9999999999999999,1.0,0.8,0.15863183409641796
0.9999999999999998,0.0,0.2857142857142856,0.0,1.0,0.0,1.0,1.0,0.5919741448963103
0.9999999999999998,0.0,0.2857142857142856,0.0,1.0,0.33333333333333337,1.0,1.0,0.6014004847831942
0.9999999999999998,0.0,0.2857142857142856,0.0,1.0,0.6666666666666666,1.0,1.0,0.615674656611904
0.9999999999999998,0.0,0.2857142857142856,0.0,1.0,0.9999999999999999,1.0,1.0,0.6224077565311068
0.7777777777777779,0.16666666666666652,0.4285714285714286,0.11111111111111116,1.0,0.0,1.0,1.0,0.6205224885537302
0.7777777777777779,0.16666666666666652,0.4285714285714286,0.11111111111111116,1.0,0.33333333333333337,1.0,1.0,0.5989765688122812
0.7777777777777779,0.16666666666666652,0.4285714285714286,0.11111111111111116,1.0,0.6666666666666666,1.0,1.0,0.7511446269862645
0.7777777777777779,0.16666666666666652,0.4285714285714286,0.11111111111111116,1.0,0.9999999999999999,1.0,1.0,0.7102073794775117
0.6666666666666667,0.25,0.2857142857142856,0.33333333333333326,1.0,0.0,1.0,1.0,0.5060597899272825
0.6666666666666667,0.25,0.2857142857142856,0.33333333333333326,1.0,0.33333333333333337,1.0,1.0,0.5467277134392674
0.6666666666666667,0.25,0.2857142857142856,0.33333333333333326,1.0,0.6666666666666666,1.0,1.0,0.6830056558039321
0.6666666666666667,0.25,0.2857142857142856,0.33333333333333326,1.0,0.9999999999999999,1.0,1.0,0.668192835981686
0.5555555555555556,0.33333333333333304,0.4285714285714286,0.33333333333333326,1.0,0.0,1.0,1.0,0.5125235658497171
0.5555555555555556,0.33333333333333304,0.4285714285714286,0.33333333333333326,1.0,0.33333333333333337,1.0,1.0,0.5025585779692969
0.5555555555555556,0.33333333333333304,0.4285714285714286,0.33333333333333326,1.0,0.6666666666666666,1.0,1.0,0.617829248586049
0.5555555555555556,0.33333333333333304,0.4285714285714286,0.33333333333333326,1.0,0.9999999999999999,1.0,1.0,0.5828171290061943
0.47222222222222254,0.4166666666666665,0.5714285714285714,0.33333333333333326,1.0,0.0,1.0,1.0,0.744950175060598
0.47222222222222254,0.4166666666666665,0.5714285714285714,0.33333333333333326,1.0,0.33333333333333337,1.0,1.0,0.7217883113385404
0.47222222222222254,0.4166666666666665,0.5714285714285714,0.33333333333333326,1.0,0.6666666666666666,1.0,1.0,0.9725289523296525
0.47222222222222254,0.4166666666666665,0.5714285714285714,0.33333333333333326,1.0,0.9999999999999999,1.0,1.0,0.9148936170212765
0.38888888888888906,0.5,0.9999999999999998,0.11111111111111116,1.0,0.0,1.0,1.0,0.7667654187988149
0.38888888888888906,0.5,0.9999999999999998,0.11111111111111116,1.0,0.33333333333333337,1.0,1.0,0.7783463506598438
0.38888888888888906,0.5,0.9999999999999998,0.11111111111111116,1.0,0.6666666666666666,1.0,1.0,0.7242122273094533
0.38888888888888906,0.5,0.9999999999999998,0.11111111111111116,1.0,0.9999999999999999,1.0,1.0,0.7347158631834096
0.33333333333333326,0.583333333333333,0.0,1.0,0.0,0.0,1.0,1.0,0.1559385941287369
0.33333333333333326,0.583333333333333,0.0,1.0,0.0,0.33333333333333337,1.0,1.0,0.15405332615136008
0.33333333333333326,0.583333333333333,0.0,1.0,0.0,0.6666666666666666,1.0,1.0,0.16267169404793969
0.33333333333333326,0.583333333333333,0.0,1.0,0.0,0.9999999999999999,1.0,1.0,0.15620791812550494
0.25,0.6666666666666665,0.1428571428571428,1.0,0.0,0.0,1.0,1.0,0.1263129544842445
0.25,0.6666666666666665,0.1428571428571428,1.0,0.0,0.33333333333333337,1.0,1.0,0.0991112308106652
0.25,0.6666666666666665,0.1428571428571428,1.0,0.0,0.6666666666666666,1.0,1.0,0.11931053056827362
0.25,0.6666666666666665,0.1428571428571428,1.0,0.0,0.9999999999999999,1.0,1.0,0.11877188257473742
0.19444444444444442,0.75,0.2857142857142856,1.0,0.0,0.0,1.0,1.0,0.15432265014812818
0.19444444444444442,0.75,0.2857142857142856,1.0,0.0,0.33333333333333337,1.0,1.0,0.13385402639375166
0.19444444444444442,0.75,0.2857142857142856,1.0,0.0,0.6666666666666666,1.0,1.0,0.15189873417721517
0.19444444444444442,0.75,0.2857142857142856,1.0,0.0,0.9999999999999999,1.0,1.0,0.1572852141125774
0.11111111111111116,0.833333333333333,0.4285714285714286,1.0,0.0,0.0,1.0,1.0,0.1815243738217075
0.11111111111111116,0.833333333333333,0.4285714285714286,1.0,0.0,0.33333333333333337,1.0,1.0,0.18556423377322917
0.11111111111111116,0.833333333333333,0.4285714285714286,1.0,0.0,0.6666666666666666,1.0,1.0,0.17910045785079454
0.11111111111111116,0.833333333333333,0.4285714285714286,1.0,0.0,0.9999999999999999,1.0,1.0,0.19283598168596816
0.05555555555555558,0.9166666666666665,0.5714285714285714,1.0,0.0,0.0,1.0,1.0,0.26716940479396717
0.05555555555555558,0.9166666666666665,0.5714285714285714,1.0,0.0,0.33333333333333337,1.0,1.0,0.2507406409911123
0.05555555555555558,0.9166666666666665,0.5714285714285714,1.0,0.0,0.6666666666666666,1.0,1.0,0.2642068408295179
0.05555555555555558,0.9166666666666665,0.5714285714285714,1.0,0.0,0.9999999999999999,1.0,1.0,0.28279019660651755
0.0,1.0,0.7142857142857142,1.0,0.0,0.0,1.0,1.0,0.16105575006733097
0.0,1.0,0.7142857142857142,1.0,0.0,0.33333333333333337,1.0,1.0,0.16725020199299756
0.0,1.0,0.7142857142857142,1.0,0.0,0.6666666666666666,1.0,1.0,0.15378400215459193
0.0,1.0,0.7142857142857142,1.0,0.0,0.9999999999999999,1.0,1.0,0.1381632103420415
